timestamp,asset_id,provider,price,currency
2026-09-17T17:25:30Z,btc,coingecko,76844,usd
2026-09-17T17:25:30Z,eth,coingecko,2154.01,eur
2026-09-17T13:30:00Z,aapl,twelvedata,335.32,usd
2026-09-17T17:42:00Z,btc,coingecko,76770,usd
2026-09-17T17:42:00Z,eth,coingecko,2151.28,eur
2026-09-17T13:30:00Z,aapl,twelvedata,335.72,usd
2026-09-17T21:15:10Z,xrp,coingecko,1.3,usd
2026-09-17T21:15:00Z,btc,coingecko,76451,usd
2026-09-17T21:14:50Z,doge,coingecko,0.08164,usd
2026-09-17T23:16:30Z,xrp,coingecko,1.3,usd
2026-09-17T23:16:30Z,btc,coingecko,76431,usd
2026-09-17T23:16:30Z,doge,coingecko,0.081583,usd
2026-09-17T23:16:50Z,marscoin,coingecko,0.073961,usd
2026-09-17T23:29:10Z,xrp,coingecko,1.3,usd
2026-09-17T23:28:50Z,btc,coingecko,76434,usd
2026-09-17T23:29:10Z,doge,coingecko,0.081716,usd
2026-09-17T23:29:10Z,marscoin,coingecko,0.073973,usd
2026-09-17T23:36:20Z,xrp,coingecko,1.3,usd
2026-09-17T23:36:10Z,btc,coingecko,76356,usd
2026-09-17T23:36:10Z,doge,coingecko,0.081655,usd
2026-09-17T23:36:30Z,marscoin,coingecko,0.073969,usd
2026-09-17T23:48:10Z,xrp,coingecko,1.3,usd
2026-09-17T23:48:10Z,btc,coingecko,76419,usd
2026-09-17T23:48:00Z,doge,coingecko,0.08176,usd
2026-09-17T23:48:10Z,marscoin,coingecko,0.073981,usd
2026-09-17T23:48:10Z,ai,coingecko,0.00010155,usd
2026-09-17T23:59:20Z,xrp,coingecko,1.3,usd
2026-09-17T23:59:40Z,btc,coingecko,76378,usd
2026-09-17T23:59:40Z,doge,coingecko,0.081689,usd
2026-09-17T23:59:40Z,marscoin,coingecko,0.073979,usd
2026-09-17T23:59:40Z,ai,coingecko,0.00010193,usd
2026-09-17T23:59:40Z,mcat,coingecko,0.691198,usd
2026-09-17T23:59:40Z,ai2,coingecko,0.322054,usd
2026-09-18T00:29:20Z,xrp,coingecko,1.29,usd
2026-09-18T00:29:30Z,btc,coingecko,76252,usd
2026-09-18T00:29:30Z,doge,coingecko,0.081344,usd
2026-09-18T00:29:30Z,marscoin,coingecko,0.073982,usd
2026-09-18T00:29:30Z,ai,coingecko,0.00010172,usd
2026-09-18T00:29:30Z,mcat,coingecko,0.707212,usd
2026-09-18T00:29:20Z,ai2,coingecko,0.319998,usd
2026-09-18T00:59:50Z,xrp,coingecko,1.3,usd
2026-09-18T00:59:40Z,btc,coingecko,76522,usd
2026-09-18T00:59:40Z,doge,coingecko,0.081751,usd
2026-09-18T00:59:50Z,marscoin,coingecko,0.073994,usd
2026-09-18T00:59:50Z,ai,coingecko,0.00010194,usd
2026-09-18T00:59:40Z,mcat,coingecko,0.696698,usd
2026-09-18T00:59:40Z,ai2,coingecko,0.319944,usd
2026-09-18T01:29:30Z,xrp,coingecko,1.3,usd
2026-09-18T01:29:40Z,btc,coingecko,76528,usd
2026-09-18T01:29:30Z,doge,coingecko,0.082008,usd
2026-09-18T01:29:40Z,marscoin,coingecko,0.074004,usd
2026-09-18T01:29:40Z,ai,coingecko,0.00010171,usd
2026-09-18T01:29:40Z,mcat,coingecko,0.732454,usd
2026-09-18T01:29:40Z,ai2,coingecko,0.327587,usd
2026-09-18T01:59:40Z,xrp,coingecko,1.3,usd
2026-09-18T01:59:40Z,btc,coingecko,76691,usd
2026-09-18T01:59:50Z,doge,coingecko,0.082363,usd
2026-09-18T01:59:50Z,marscoin,coingecko,0.074014,usd
2026-09-18T01:59:50Z,ai,coingecko,0.00010152,usd
2026-09-18T01:59:50Z,mcat,coingecko,0.827722,usd
2026-09-18T01:59:50Z,ai2,coingecko,0.331641,usd
2026-09-18T02:29:30Z,xrp,coingecko,1.31,usd
2026-09-18T02:29:40Z,btc,coingecko,76836,usd
2026-09-18T02:29:30Z,doge,coingecko,0.082588,usd
2026-09-18T02:29:40Z,marscoin,coingecko,0.074057,usd
2026-09-18T02:29:40Z,ai,coingecko,0.00010151,usd
2026-09-18T02:29:40Z,mcat,coingecko,0.828837,usd
2026-09-18T02:29:30Z,ai2,coingecko,0.335026,usd
2026-09-18T02:59:40Z,xrp,coingecko,1.3,usd
2026-09-18T02:59:40Z,btc,coingecko,76932,usd
2026-09-18T02:59:40Z,doge,coingecko,0.082789,usd
2026-09-18T02:59:50Z,marscoin,coingecko,0.074066,usd
2026-09-18T02:59:50Z,ai,coingecko,0.00010222,usd
2026-09-18T02:59:50Z,mcat,coingecko,0.864491,usd
2026-09-18T02:59:50Z,ai2,coingecko,0.340622,usd
2026-09-18T03:29:30Z,xrp,coingecko,1.32,usd
2026-09-18T03:29:30Z,btc,coingecko,77403,usd
2026-09-18T03:29:30Z,doge,coingecko,0.083769,usd
2026-09-18T03:29:40Z,marscoin,coingecko,0.074071,usd
2026-09-18T03:29:40Z,ai,coingecko,0.00010171,usd
2026-09-18T03:29:40Z,mcat,coingecko,0.899073,usd
2026-09-18T03:29:30Z,ai2,coingecko,0.347127,usd
2026-09-18T03:59:20Z,xrp,coingecko,1.32,usd
2026-09-18T03:59:20Z,btc,coingecko,77309,usd
2026-09-18T03:59:20Z,doge,coingecko,0.084223,usd
2026-09-18T03:59:30Z,marscoin,coingecko,0.074089,usd
2026-09-18T03:59:30Z,ai,coingecko,0.00010171,usd
2026-09-18T03:59:30Z,mcat,coingecko,0.942175,usd
2026-09-18T03:59:30Z,ai2,coingecko,0.347984,usd
2026-09-18T04:16:40Z,xrp,coingecko,1.32,usd
2026-09-18T04:16:30Z,btc,coingecko,77228,usd
2026-09-18T04:16:40Z,doge,coingecko,0.084092,usd
2026-09-18T04:16:40Z,marscoin,coingecko,0.074092,usd
2026-09-18T04:16:40Z,ai,coingecko,0.00010189,usd
2026-09-18T04:16:40Z,mcat,coingecko,0.905323,usd
2026-09-18T04:16:40Z,ai2,coingecko,0.339277,usd
2026-09-18T04:29:40Z,xrp,coingecko,1.32,usd
2026-09-18T04:29:40Z,btc,coingecko,77211,usd
2026-09-18T04:29:40Z,doge,coingecko,0.084007,usd
2026-09-18T04:29:50Z,marscoin,coingecko,0.07409,usd
2026-09-18T04:29:50Z,ai,coingecko,0.0001017,usd
2026-09-18T04:29:50Z,mcat,coingecko,0.946316,usd
2026-09-18T04:29:50Z,ai2,coingecko,0.33862,usd
2026-09-18T04:59:30Z,xrp,coingecko,1.32,usd
2026-09-18T04:59:50Z,btc,coingecko,77488,usd
2026-09-18T04:59:50Z,doge,coingecko,0.084439,usd
2026-09-18T04:59:50Z,marscoin,coingecko,0.074076,usd
2026-09-18T04:59:50Z,ai,coingecko,0.00010182,usd
2026-09-18T04:59:50Z,mcat,coingecko,0.874842,usd
2026-09-18T04:59:50Z,ai2,coingecko,0.339933,usd
2026-09-18T05:29:40Z,xrp,coingecko,1.32,usd
2026-09-18T05:29:30Z,btc,coingecko,77532,usd
2026-09-18T05:29:30Z,doge,coingecko,0.084391,usd
2026-09-18T05:29:40Z,marscoin,coingecko,0.074085,usd
2026-09-18T05:29:40Z,ai,coingecko,0.00010163,usd
2026-09-18T05:29:30Z,mcat,coingecko,0.923162,usd
2026-09-18T05:29:30Z,ai2,coingecko,0.335649,usd
2026-09-18T05:59:20Z,xrp,coingecko,1.32,usd
2026-09-18T05:59:20Z,btc,coingecko,77425,usd
2026-09-18T05:59:20Z,doge,coingecko,0.084083,usd
2026-09-18T05:59:30Z,marscoin,coingecko,0.074084,usd
2026-09-18T05:59:30Z,ai,coingecko,0.00010585,usd
2026-09-18T05:59:30Z,mcat,coingecko,0.950982,usd
2026-09-18T05:59:30Z,ai2,coingecko,0.335324,usd
2026-09-18T06:29:30Z,xrp,coingecko,1.32,usd
2026-09-18T06:29:30Z,btc,coingecko,77493,usd
2026-09-18T06:29:30Z,doge,coingecko,0.084203,usd
2026-09-18T06:29:40Z,marscoin,coingecko,0.074067,usd
2026-09-18T06:29:40Z,ai,coingecko,0.00010612,usd
2026-09-18T06:29:40Z,mcat,coingecko,0.912505,usd
2026-09-18T06:29:30Z,ai2,coingecko,0.334704,usd
2026-09-18T06:59:20Z,xrp,coingecko,1.32,usd
2026-09-18T06:59:20Z,btc,coingecko,77529,usd
2026-09-18T06:59:20Z,doge,coingecko,0.084155,usd
2026-09-18T06:59:20Z,marscoin,coingecko,0.074075,usd
2026-09-18T06:59:20Z,ai,coingecko,0.00010592,usd
2026-09-18T06:59:20Z,mcat,coingecko,0.914713,usd
2026-09-18T06:59:20Z,ai2,coingecko,0.336527,usd
2026-09-18T07:29:30Z,xrp,coingecko,1.33,usd
2026-09-18T07:29:30Z,btc,coingecko,77722,usd
2026-09-18T07:29:40Z,doge,coingecko,0.084322,usd
2026-09-18T07:29:50Z,marscoin,coingecko,0.074084,usd
2026-09-18T07:29:50Z,ai,coingecko,0.00010582,usd
2026-09-18T07:29:50Z,mcat,coingecko,0.888549,usd
2026-09-18T07:29:40Z,ai2,coingecko,0.348707,usd
2026-09-18T07:59:40Z,xrp,coingecko,1.33,usd
2026-09-18T07:59:40Z,btc,coingecko,77721,usd
2026-09-18T07:59:50Z,doge,coingecko,0.084393,usd
2026-09-18T07:59:50Z,marscoin,coingecko,0.074098,usd
2026-09-18T07:59:50Z,ai,coingecko,0.00010601,usd
2026-09-18T07:59:50Z,mcat,coingecko,0.884673,usd
2026-09-18T07:59:50Z,ai2,coingecko,0.356457,usd
2026-09-18T08:29:30Z,xrp,coingecko,1.33,usd
2026-09-18T08:29:40Z,btc,coingecko,77895,usd
2026-09-18T08:29:40Z,doge,coingecko,0.084526,usd
2026-09-18T08:29:40Z,marscoin,coingecko,0.074105,usd
2026-09-18T08:29:40Z,ai,coingecko,0.00010591,usd
2026-09-18T08:29:20Z,mcat,coingecko,0.910252,usd
2026-09-18T08:29:20Z,ai2,coingecko,0.350784,usd
2026-09-18T08:59:40Z,xrp,coingecko,1.34,usd
2026-09-18T08:59:30Z,btc,coingecko,78164,usd
2026-09-18T08:59:40Z,doge,coingecko,0.084791,usd
2026-09-18T08:59:50Z,marscoin,coingecko,0.074113,usd
2026-09-18T08:59:50Z,ai,coingecko,0.00010591,usd
2026-09-18T08:59:50Z,mcat,coingecko,0.896573,usd
2026-09-18T08:59:50Z,ai2,coingecko,0.352358,usd
2026-09-18T09:07:20Z,xrp,coingecko,1.34,usd
2026-09-18T09:07:20Z,btc,coingecko,78237,usd
2026-09-18T09:07:00Z,doge,coingecko,0.084918,usd
2026-09-18T09:07:20Z,marscoin,coingecko,0.074118,usd
2026-09-18T09:07:20Z,ai,coingecko,0.00010619,usd
2026-09-18T09:07:20Z,mcat,coingecko,0.893569,usd
2026-09-18T09:07:20Z,ai2,coingecko,0.352502,usd
2026-09-18T09:29:30Z,xrp,coingecko,1.33,usd
2026-09-18T09:29:40Z,btc,coingecko,78106,usd
2026-09-18T09:29:20Z,doge,coingecko,0.085139,usd
2026-09-18T09:29:40Z,marscoin,coingecko,0.074133,usd
2026-09-18T09:29:40Z,ai,coingecko,0.00010619,usd
2026-09-18T09:29:40Z,mcat,coingecko,0.886669,usd
2026-09-18T09:29:30Z,ai2,coingecko,0.347404,usd
2026-09-18T09:59:40Z,xrp,coingecko,1.33,usd
2026-09-18T09:59:40Z,btc,coingecko,78142,usd
2026-09-18T09:59:40Z,doge,coingecko,0.085684,usd
2026-09-18T09:59:50Z,marscoin,coingecko,0.074127,usd
2026-09-18T09:59:50Z,ai,coingecko,0.00010582,usd
2026-09-18T09:59:50Z,mcat,coingecko,0.880374,usd
2026-09-18T09:59:50Z,ai2,coingecko,0.352483,usd
2026-09-18T10:29:10Z,xrp,coingecko,1.34,usd
2026-09-18T10:29:20Z,btc,coingecko,78196,usd
2026-09-18T10:29:20Z,doge,coingecko,0.08666,usd
2026-09-18T10:29:50Z,marscoin,coingecko,0.074128,usd
2026-09-18T10:29:50Z,ai,coingecko,0.00010609,usd
2026-09-18T10:29:50Z,mcat,coingecko,0.891367,usd
2026-09-18T10:29:10Z,ai2,coingecko,0.357278,usd
2026-09-18T10:59:50Z,xrp,coingecko,1.33,usd
2026-09-18T10:59:30Z,btc,coingecko,78214,usd
2026-09-18T10:59:50Z,doge,coingecko,0.08572,usd
2026-09-18T10:59:50Z,marscoin,coingecko,0.074161,usd
2026-09-18T10:59:50Z,ai,coingecko,0.0001059,usd
2026-09-18T10:59:50Z,mcat,coingecko,0.885714,usd
2026-09-18T10:59:50Z,ai2,coingecko,0.366053,usd
2026-09-18T11:29:40Z,xrp,coingecko,1.32,usd
2026-09-18T11:29:20Z,btc,coingecko,78009,usd
2026-09-18T11:29:40Z,doge,coingecko,0.084948,usd
2026-09-18T11:29:40Z,marscoin,coingecko,0.074156,usd
2026-09-18T11:29:40Z,ai,coingecko,0.00010581,usd
2026-09-18T11:29:40Z,mcat,coingecko,0.878427,usd
2026-09-18T11:29:40Z,ai2,coingecko,0.362423,usd
2026-09-18T11:59:40Z,xrp,coingecko,1.32,usd
2026-09-18T11:59:40Z,btc,coingecko,77990,usd
2026-09-18T11:59:30Z,doge,coingecko,0.085255,usd
2026-09-18T11:59:50Z,marscoin,coingecko,0.07415,usd
2026-09-18T11:59:50Z,ai,coingecko,0.00010401,usd
2026-09-18T11:59:50Z,mcat,coingecko,0.881069,usd
2026-09-18T11:59:40Z,ai2,coingecko,0.355071,usd
2026-09-18T12:14:10Z,xrp,coingecko,1.32,usd
2026-09-18T12:14:20Z,btc,coingecko,78007,usd
2026-09-18T12:14:10Z,doge,coingecko,0.085131,usd
2026-09-18T12:14:20Z,marscoin,coingecko,0.074162,usd
2026-09-18T12:14:20Z,ai,coingecko,0.00010634,usd
2026-09-18T12:14:20Z,mcat,coingecko,0.869523,usd
2026-09-18T12:14:20Z,ai2,coingecko,0.350372,usd
2026-09-18T12:29:30Z,xrp,coingecko,1.32,usd
2026-09-18T12:29:20Z,btc,coingecko,77957,usd
2026-09-18T12:29:40Z,doge,coingecko,0.085249,usd
2026-09-18T12:29:40Z,marscoin,coingecko,0.074177,usd
2026-09-18T12:29:40Z,ai,coingecko,0.00010747,usd
2026-09-18T12:29:40Z,mcat,coingecko,0.877085,usd
2026-09-18T12:29:20Z,ai2,coingecko,0.345204,usd
2026-09-18T12:44:10Z,xrp,coingecko,1.32,usd
2026-09-18T12:44:20Z,btc,coingecko,78068,usd
2026-09-18T12:44:10Z,doge,coingecko,0.085465,usd
2026-09-18T12:44:20Z,marscoin,coingecko,0.074157,usd
2026-09-18T12:44:20Z,ai,coingecko,0.00010737,usd
2026-09-18T12:44:20Z,mcat,coingecko,0.878861,usd
2026-09-18T12:44:20Z,ai2,coingecko,0.341825,usd
2026-09-18T12:59:20Z,xrp,coingecko,1.32,usd
2026-09-18T12:59:50Z,btc,coingecko,77977,usd
2026-09-18T12:59:50Z,doge,coingecko,0.085381,usd
2026-09-18T12:59:50Z,marscoin,coingecko,0.074165,usd
2026-09-18T12:59:50Z,ai,coingecko,0.00010775,usd
2026-09-18T12:59:50Z,mcat,coingecko,0.87737,usd
2026-09-18T12:59:50Z,ai2,coingecko,0.344196,usd
2026-09-18T13:14:10Z,xrp,coingecko,1.32,usd
2026-09-18T13:14:20Z,btc,coingecko,77958,usd
2026-09-18T13:14:10Z,doge,coingecko,0.085085,usd
2026-09-18T13:14:20Z,marscoin,coingecko,0.074175,usd
2026-09-18T13:14:20Z,ai,coingecko,0.00010766,usd
2026-09-18T13:14:20Z,mcat,coingecko,0.877374,usd
2026-09-18T13:14:20Z,ai2,coingecko,0.345217,usd
2026-09-18T13:29:20Z,xrp,coingecko,1.33,usd
2026-09-18T13:29:20Z,btc,coingecko,78094,usd
2026-09-18T13:29:20Z,doge,coingecko,0.085364,usd
2026-09-18T13:29:40Z,marscoin,coingecko,0.074188,usd
2026-09-18T13:29:40Z,ai,coingecko,0.00010723,usd
2026-09-18T13:29:40Z,mcat,coingecko,0.878703,usd
2026-09-18T13:29:20Z,ai2,coingecko,0.344422,usd
2026-09-18T13:44:20Z,xrp,coingecko,1.34,usd
2026-09-18T13:44:10Z,btc,coingecko,79116,usd
2026-09-18T13:44:10Z,doge,coingecko,0.086398,usd
2026-09-18T13:44:20Z,marscoin,coingecko,0.074206,usd
2026-09-18T13:44:20Z,ai,coingecko,0.00010723,usd
2026-09-18T13:44:20Z,mcat,coingecko,0.877765,usd
2026-09-18T13:44:20Z,ai2,coingecko,0.348121,usd
2026-09-18T14:00:20Z,xrp,coingecko,1.36,usd
2026-09-18T14:00:20Z,btc,coingecko,80138,usd
2026-09-18T14:00:20Z,doge,coingecko,0.087341,usd
2026-09-18T14:00:30Z,marscoin,coingecko,0.074236,usd
2026-09-18T14:00:30Z,ai,coingecko,0.00010742,usd
2026-09-18T14:00:30Z,mcat,coingecko,0.861779,usd
2026-09-18T14:00:20Z,ai2,coingecko,0.355067,usd
2026-09-18T14:14:10Z,xrp,coingecko,1.36,usd
2026-09-18T14:14:00Z,btc,coingecko,80223,usd
2026-09-18T14:14:00Z,doge,coingecko,0.086971,usd
2026-09-18T14:14:20Z,marscoin,coingecko,0.07427,usd
2026-09-18T14:14:20Z,ai,coingecko,0.00010752,usd
2026-09-18T14:14:20Z,mcat,coingecko,0.834342,usd
2026-09-18T14:14:20Z,ai2,coingecko,0.357007,usd
2026-09-18T14:29:40Z,xrp,coingecko,1.37,usd
2026-09-18T14:29:30Z,btc,coingecko,80757,usd
2026-09-18T14:29:30Z,doge,coingecko,0.087716,usd
2026-09-18T14:29:40Z,marscoin,coingecko,0.074289,usd
2026-09-18T14:29:40Z,ai,coingecko,0.00010905,usd
2026-09-18T14:29:40Z,mcat,coingecko,0.844158,usd
2026-09-18T14:29:40Z,ai2,coingecko,0.354299,usd
2026-09-18T14:44:20Z,xrp,coingecko,1.38,usd
2026-09-18T14:44:20Z,btc,coingecko,80723,usd
2026-09-18T14:44:20Z,doge,coingecko,0.087789,usd
2026-09-18T14:44:20Z,marscoin,coingecko,0.074273,usd
2026-09-18T14:44:20Z,ai,coingecko,0.00010904,usd
2026-09-18T14:44:20Z,mcat,coingecko,0.841885,usd
2026-09-18T14:44:20Z,ai2,coingecko,0.353005,usd
2026-09-18T14:59:40Z,xrp,coingecko,1.4,usd
2026-09-18T14:59:40Z,btc,coingecko,80883,usd
2026-09-18T14:59:40Z,doge,coingecko,0.087965,usd
2026-09-18T14:59:50Z,marscoin,coingecko,0.074266,usd
2026-09-18T14:59:50Z,ai,coingecko,0.00010904,usd
2026-09-18T14:59:40Z,mcat,coingecko,0.839562,usd
2026-09-18T14:59:40Z,ai2,coingecko,0.350976,usd
2026-09-18T15:13:10Z,xrp,coingecko,1.39,usd
2026-09-18T15:13:10Z,btc,coingecko,80676,usd
2026-09-18T15:13:10Z,doge,coingecko,0.087571,usd
2026-09-18T15:13:10Z,marscoin,coingecko,0.074275,usd
2026-09-18T15:13:10Z,ai,coingecko,0.00010914,usd
2026-09-18T15:13:10Z,mcat,coingecko,0.838963,usd
2026-09-18T15:13:10Z,ai2,coingecko,0.350071,usd
2026-09-18T15:28:30Z,xrp,coingecko,1.39,usd
2026-09-18T15:29:20Z,btc,coingecko,80894,usd
2026-09-18T15:28:30Z,doge,coingecko,0.087731,usd
2026-09-18T15:29:20Z,marscoin,coingecko,0.074282,usd
2026-09-18T15:29:20Z,ai,coingecko,0.00010914,usd
2026-09-18T15:29:20Z,mcat,coingecko,0.83148,usd
2026-09-18T15:29:20Z,ai2,coingecko,0.347065,usd
2026-09-18T15:43:20Z,xrp,coingecko,1.37,usd
2026-09-18T15:43:20Z,btc,coingecko,80666,usd
2026-09-18T15:42:50Z,doge,coingecko,0.087166,usd
2026-09-18T15:43:20Z,marscoin,coingecko,0.074284,usd
2026-09-18T15:43:20Z,ai,coingecko,0.00010915,usd
2026-09-18T15:43:20Z,mcat,coingecko,0.802059,usd
2026-09-18T15:43:20Z,ai2,coingecko,0.345918,usd
2026-09-18T15:59:40Z,xrp,coingecko,1.38,usd
2026-09-18T15:59:20Z,btc,coingecko,80662,usd
2026-09-18T15:59:40Z,doge,coingecko,0.087419,usd
2026-09-18T15:59:50Z,marscoin,coingecko,0.074284,usd
2026-09-18T15:59:50Z,ai,coingecko,0.00010905,usd
2026-09-18T15:59:20Z,mcat,coingecko,0.802941,usd
2026-09-18T15:59:20Z,ai2,coingecko,0.344242,usd
2026-09-18T16:14:00Z,xrp,coingecko,1.38,usd
2026-09-18T16:14:10Z,btc,coingecko,80839,usd
2026-09-18T16:14:10Z,doge,coingecko,0.087405,usd
2026-09-18T16:14:20Z,marscoin,coingecko,0.074305,usd
2026-09-18T16:14:20Z,ai,coingecko,0.00010906,usd
2026-09-18T16:14:20Z,mcat,coingecko,0.805568,usd
2026-09-18T16:14:20Z,ai2,coingecko,0.340151,usd
2026-09-18T16:17:20Z,xrp,coingecko,1.38,usd
2026-09-18T16:17:20Z,btc,coingecko,80944,usd
2026-09-18T16:17:20Z,doge,coingecko,0.087538,usd
2026-09-18T16:17:40Z,marscoin,coingecko,0.074299,usd
2026-09-18T16:17:40Z,ai,coingecko,0.00010906,usd
2026-09-18T16:17:20Z,mcat,coingecko,0.802603,usd
2026-09-18T16:17:20Z,ai2,coingecko,0.336448,usd
2026-09-18T16:29:30Z,xrp,coingecko,1.38,usd
2026-09-18T16:29:30Z,btc,coingecko,80984,usd
2026-09-18T16:29:20Z,doge,coingecko,0.087785,usd
2026-09-18T16:29:40Z,marscoin,coingecko,0.074298,usd
2026-09-18T16:29:40Z,ai,coingecko,0.00010906,usd
2026-09-18T16:29:40Z,mcat,coingecko,0.830235,usd
2026-09-18T16:29:40Z,ai2,coingecko,0.335116,usd
2026-09-18T16:43:40Z,xrp,coingecko,1.38,usd
2026-09-18T16:44:10Z,btc,coingecko,80961,usd
2026-09-18T16:43:40Z,doge,coingecko,0.087889,usd
2026-09-18T16:44:10Z,marscoin,coingecko,0.074296,usd
2026-09-18T16:44:10Z,ai,coingecko,0.00010916,usd
2026-09-18T16:44:10Z,mcat,coingecko,0.861308,usd
2026-09-18T16:43:50Z,ai2,coingecko,0.335035,usd
2026-09-18T16:59:40Z,xrp,coingecko,1.38,usd
2026-09-18T16:59:40Z,btc,coingecko,80835,usd
2026-09-18T16:59:40Z,doge,coingecko,0.087731,usd
2026-09-18T16:59:50Z,marscoin,coingecko,0.07426,usd
2026-09-18T16:59:50Z,mcat,coingecko,0.836894,usd
2026-09-18T16:59:50Z,ai2,coingecko,0.333748,usd
2026-09-18T17:14:00Z,xrp,coingecko,1.38,usd
2026-09-18T17:14:20Z,btc,coingecko,80838,usd
2026-09-18T17:14:00Z,doge,coingecko,0.087596,usd
2026-09-18T17:14:20Z,marscoin,coingecko,0.074218,usd
2026-09-18T17:14:20Z,mcat,coingecko,0.83202,usd
2026-09-18T17:14:20Z,ai2,coingecko,0.327953,usd
2026-09-18T17:29:20Z,xrp,coingecko,1.38,usd
2026-09-18T17:29:20Z,btc,coingecko,80717,usd
2026-09-18T17:29:20Z,doge,coingecko,0.087451,usd
2026-09-18T17:29:20Z,marscoin,coingecko,0.074207,usd
2026-09-18T17:29:20Z,mcat,coingecko,0.82784,usd
2026-09-18T17:29:20Z,ai2,coingecko,0.320688,usd
2026-09-18T17:29:20Z,trump,coingecko,0.00000379,usd
2026-09-18T17:44:00Z,xrp,coingecko,1.39,usd
2026-09-18T17:44:20Z,btc,coingecko,80723,usd
2026-09-18T17:44:00Z,doge,coingecko,0.087512,usd
2026-09-18T17:44:20Z,marscoin,coingecko,0.074285,usd
2026-09-18T17:44:20Z,mcat,coingecko,0.817387,usd
2026-09-18T17:44:20Z,ai2,coingecko,0.322395,usd
2026-09-18T17:44:20Z,trump,coingecko,0.00000381,usd
2026-09-18T17:59:50Z,xrp,coingecko,1.39,usd
2026-09-18T17:59:50Z,btc,coingecko,80968,usd
2026-09-18T17:59:50Z,doge,coingecko,0.087574,usd
2026-09-18T18:00:00Z,marscoin,coingecko,0.0743,usd
2026-09-18T18:00:00Z,mcat,coingecko,0.815354,usd
2026-09-18T18:00:00Z,ai2,coingecko,0.325409,usd
2026-09-18T17:59:50Z,trump,coingecko,0.00000382,usd
2026-09-18T18:14:20Z,xrp,coingecko,1.39,usd
2026-09-18T18:14:10Z,btc,coingecko,80831,usd
2026-09-18T18:14:00Z,doge,coingecko,0.087241,usd
2026-09-18T18:14:20Z,marscoin,coingecko,0.074272,usd
2026-09-18T18:14:20Z,mcat,coingecko,0.808393,usd
2026-09-18T18:14:20Z,ai2,coingecko,0.322422,usd
2026-09-18T18:14:20Z,trump,coingecko,0.00000383,usd
2026-09-18T18:29:40Z,xrp,coingecko,1.39,usd
2026-09-18T18:29:20Z,btc,coingecko,80914,usd
2026-09-18T18:29:40Z,doge,coingecko,0.087328,usd
2026-09-18T18:29:40Z,marscoin,coingecko,0.07426,usd
2026-09-18T18:29:40Z,mcat,coingecko,0.816669,usd
2026-09-18T18:29:40Z,ai2,coingecko,0.314264,usd
2026-09-18T18:29:40Z,trump,coingecko,0.00000384,usd
2026-09-18T18:44:10Z,xrp,coingecko,1.39,usd
2026-09-18T18:44:20Z,btc,coingecko,80961,usd
2026-09-18T18:44:10Z,doge,coingecko,0.087417,usd
2026-09-18T18:44:20Z,marscoin,coingecko,0.074261,usd
2026-09-18T18:44:20Z,mcat,coingecko,0.813952,usd
2026-09-18T18:44:20Z,ai2,coingecko,0.317329,usd
2026-09-18T18:44:10Z,trump,coingecko,0.00000385,usd
2026-09-18T18:59:20Z,xrp,coingecko,1.39,usd
2026-09-18T18:59:20Z,btc,coingecko,80934,usd
2026-09-18T18:59:20Z,doge,coingecko,0.087341,usd
2026-09-18T18:59:40Z,marscoin,coingecko,0.074261,usd
2026-09-18T18:59:40Z,mcat,coingecko,0.807024,usd
2026-09-18T18:59:40Z,ai2,coingecko,0.307522,usd
2026-09-18T18:59:40Z,trump,coingecko,0.00000383,usd
2026-09-18T19:03:00Z,xrp,coingecko,1.39,usd
2026-09-18T19:03:00Z,btc,coingecko,80921,usd
2026-09-18T19:02:40Z,doge,coingecko,0.0874,usd
2026-09-18T19:03:00Z,marscoin,coingecko,0.074263,usd
2026-09-18T19:03:00Z,mcat,coingecko,0.807668,usd
2026-09-18T19:03:00Z,ai2,coingecko,0.307702,usd
2026-09-18T19:03:00Z,trump,coingecko,0.00000384,usd
2026-09-18T19:14:30Z,xrp,coingecko,1.4,usd
2026-09-18T19:14:10Z,btc,coingecko,81119,usd
2026-09-18T19:14:20Z,doge,coingecko,0.087727,usd
2026-09-18T19:14:30Z,marscoin,coingecko,0.074269,usd
2026-09-18T19:14:10Z,mcat,coingecko,0.808109,usd
2026-09-18T19:14:10Z,ai2,coingecko,0.30945,usd
2026-09-18T19:14:10Z,trump,coingecko,0.00000386,usd
2026-09-18T19:29:50Z,xrp,coingecko,1.4,usd
2026-09-18T19:29:30Z,btc,coingecko,81221,usd
2026-09-18T19:29:30Z,doge,coingecko,0.087972,usd
2026-09-18T19:29:50Z,marscoin,coingecko,0.074284,usd
2026-09-18T19:29:50Z,mcat,coingecko,0.810802,usd
2026-09-18T19:29:50Z,ai2,coingecko,0.316117,usd
2026-09-18T19:29:30Z,trump,coingecko,0.00000385,usd
2026-09-18T19:44:20Z,xrp,coingecko,1.41,usd
2026-09-18T19:44:20Z,btc,coingecko,81168,usd
2026-09-18T19:44:20Z,doge,coingecko,0.087899,usd
2026-09-18T19:44:20Z,marscoin,coingecko,0.074297,usd
2026-09-18T19:44:20Z,mcat,coingecko,0.809207,usd
2026-09-18T19:44:20Z,ai2,coingecko,0.318929,usd
2026-09-18T19:44:20Z,trump,coingecko,0.00000385,usd
2026-09-18T19:59:50Z,xrp,coingecko,1.41,usd
2026-09-18T19:59:50Z,btc,coingecko,81193,usd
2026-09-18T19:59:50Z,doge,coingecko,0.087922,usd
2026-09-18T19:59:50Z,marscoin,coingecko,0.074292,usd
2026-09-18T19:59:50Z,mcat,coingecko,0.798451,usd
2026-09-18T19:59:50Z,ai2,coingecko,0.320287,usd
2026-09-18T19:59:50Z,trump,coingecko,0.00000383,usd
2026-09-18T20:13:00Z,xrp,coingecko,1.41,usd
2026-09-18T20:13:00Z,btc,coingecko,81035,usd
2026-09-18T20:13:00Z,doge,coingecko,0.087825,usd
2026-09-18T20:13:00Z,marscoin,coingecko,0.074282,usd
2026-09-18T20:13:00Z,mcat,coingecko,0.801054,usd
2026-09-18T20:13:00Z,ai2,coingecko,0.320644,usd
2026-09-18T20:13:00Z,trump,coingecko,0.00000383,usd
2026-09-18T20:29:20Z,xrp,coingecko,1.4,usd
2026-09-18T20:29:40Z,btc,coingecko,81010,usd
2026-09-18T20:29:20Z,doge,coingecko,0.087731,usd
2026-09-18T20:29:40Z,marscoin,coingecko,0.074276,usd
2026-09-18T20:29:20Z,mcat,coingecko,0.779061,usd
2026-09-18T20:29:20Z,ai2,coingecko,0.321657,usd
2026-09-18T20:29:40Z,trump,coingecko,0.00000383,usd
2026-09-18T20:44:10Z,xrp,coingecko,1.4,usd
2026-09-18T20:44:10Z,btc,coingecko,81106,usd
2026-09-18T20:44:00Z,doge,coingecko,0.088138,usd
2026-09-18T20:44:10Z,marscoin,coingecko,0.074278,usd
2026-09-18T20:44:10Z,mcat,coingecko,0.789922,usd
2026-09-18T20:44:10Z,ai2,coingecko,0.317992,usd
2026-09-18T20:44:10Z,trump,coingecko,0.00000386,usd
2026-09-18T20:59:20Z,xrp,coingecko,1.4,usd
2026-09-18T20:59:20Z,btc,coingecko,81071,usd
2026-09-18T20:59:20Z,doge,coingecko,0.08819,usd
2026-09-18T20:59:20Z,marscoin,coingecko,0.074295,usd
2026-09-18T20:59:20Z,mcat,coingecko,0.793294,usd
2026-09-18T20:59:20Z,ai2,coingecko,0.318289,usd
2026-09-18T20:59:20Z,trump,coingecko,0.00000385,usd
2026-09-18T21:14:00Z,xrp,coingecko,1.41,usd
2026-09-18T21:14:10Z,btc,coingecko,81225,usd
2026-09-18T21:14:10Z,doge,coingecko,0.088381,usd
2026-09-18T21:14:10Z,marscoin,coingecko,0.074279,usd
2026-09-18T21:14:10Z,mcat,coingecko,0.807048,usd
2026-09-18T21:14:10Z,ai2,coingecko,0.319504,usd
2026-09-18T21:14:00Z,trump,coingecko,0.00000387,usd
2026-09-18T21:29:40Z,xrp,coingecko,1.4,usd
2026-09-18T21:29:30Z,btc,coingecko,81160,usd
2026-09-18T21:29:30Z,doge,coingecko,0.088163,usd
2026-09-18T21:29:40Z,marscoin,coingecko,0.074387,usd
2026-09-18T21:29:40Z,mcat,coingecko,0.792778,usd
2026-09-18T21:29:40Z,ai2,coingecko,0.315332,usd
2026-09-18T21:29:20Z,trump,coingecko,0.00000387,usd
2026-09-18T21:35:50Z,xrp,coingecko,1.4,usd
2026-09-18T21:35:40Z,btc,coingecko,81143,usd
2026-09-18T21:35:50Z,doge,coingecko,0.088233,usd
2026-09-18T21:35:50Z,marscoin,coingecko,0.074373,usd
2026-09-18T21:35:30Z,mcat,coingecko,0.798812,usd
2026-09-18T21:35:50Z,ai2,coingecko,0.316048,usd
2026-09-18T21:35:30Z,trump,coingecko,0.00000387,usd
2026-09-18T21:44:00Z,xrp,coingecko,1.4,usd
2026-09-18T21:44:00Z,btc,coingecko,81217,usd
2026-09-18T21:44:00Z,doge,coingecko,0.088013,usd
2026-09-18T21:44:00Z,marscoin,coingecko,0.074372,usd
2026-09-18T21:44:00Z,mcat,coingecko,0.787778,usd
2026-09-18T21:44:00Z,ai2,coingecko,0.315368,usd
2026-09-18T21:44:00Z,trump,coingecko,0.00000388,usd
2026-09-18T21:59:50Z,xrp,coingecko,1.4,usd
2026-09-18T21:59:40Z,btc,coingecko,81216,usd
2026-09-18T21:59:50Z,doge,coingecko,0.088203,usd
2026-09-18T22:00:00Z,marscoin,coingecko,0.074368,usd
2026-09-18T22:00:00Z,mcat,coingecko,0.794232,usd
2026-09-18T22:00:00Z,ai2,coingecko,0.311991,usd
2026-09-18T21:59:40Z,trump,coingecko,0.00000387,usd
2026-09-18T22:14:30Z,xrp,coingecko,1.4,usd
2026-09-18T22:14:20Z,btc,coingecko,81234,usd
2026-09-18T22:14:10Z,doge,coingecko,0.088379,usd
2026-09-18T22:14:30Z,marscoin,coingecko,0.074364,usd
2026-09-18T22:14:30Z,mcat,coingecko,0.798259,usd
2026-09-18T22:14:30Z,ai2,coingecko,0.312412,usd
2026-09-18T22:14:10Z,trump,coingecko,0.00000386,usd
2026-09-18T22:29:30Z,xrp,coingecko,1.4,usd
2026-09-18T22:29:30Z,btc,coingecko,81237,usd
2026-09-18T22:29:30Z,doge,coingecko,0.088344,usd
2026-09-18T22:29:40Z,marscoin,coingecko,0.07436,usd
2026-09-18T22:29:30Z,mcat,coingecko,0.802454,usd
2026-09-18T22:29:30Z,ai2,coingecko,0.313834,usd
2026-09-18T22:29:30Z,trump,coingecko,0.00000385,usd
2026-09-18T22:44:20Z,xrp,coingecko,1.4,usd
2026-09-18T22:44:20Z,btc,coingecko,81129,usd
2026-09-18T22:44:20Z,doge,coingecko,0.088249,usd
2026-09-18T22:44:20Z,marscoin,coingecko,0.074353,usd
2026-09-18T22:44:10Z,mcat,coingecko,0.821232,usd
2026-09-18T22:44:10Z,ai2,coingecko,0.307506,usd
2026-09-18T22:44:20Z,trump,coingecko,0.00000384,usd
2026-09-18T22:59:40Z,xrp,coingecko,1.4,usd
2026-09-18T22:59:40Z,btc,coingecko,81129,usd
2026-09-18T22:59:40Z,doge,coingecko,0.088171,usd
2026-09-18T22:59:50Z,marscoin,coingecko,0.074354,usd
2026-09-18T22:59:50Z,mcat,coingecko,0.854262,usd
2026-09-18T22:59:50Z,ai2,coingecko,0.305705,usd
2026-09-18T22:59:40Z,trump,coingecko,0.00000385,usd
2026-09-18T23:14:00Z,xrp,coingecko,1.4,usd
2026-09-18T23:14:20Z,btc,coingecko,81145,usd
2026-09-18T23:14:10Z,doge,coingecko,0.087919,usd
2026-09-18T23:14:20Z,marscoin,coingecko,0.074345,usd
2026-09-18T23:14:20Z,mcat,coingecko,0.893984,usd
2026-09-18T23:14:20Z,ai2,coingecko,0.300786,usd
2026-09-18T23:14:20Z,trump,coingecko,0.00000384,usd
2026-09-18T23:29:30Z,xrp,coingecko,1.4,usd
2026-09-18T23:29:20Z,btc,coingecko,81001,usd
2026-09-18T23:29:40Z,doge,coingecko,0.087721,usd
2026-09-18T23:29:50Z,marscoin,coingecko,0.074333,usd
2026-09-18T23:29:50Z,mcat,coingecko,0.883409,usd
2026-09-18T23:29:50Z,ai2,coingecko,0.297987,usd
2026-09-18T23:29:50Z,trump,coingecko,0.00000382,usd
2026-09-18T23:36:40Z,xrp,coingecko,1.39,usd
2026-09-18T23:36:50Z,btc,coingecko,80940,usd
2026-09-18T23:37:00Z,doge,coingecko,0.087622,usd
2026-09-18T23:37:00Z,marscoin,coingecko,0.074338,usd
2026-09-18T23:37:00Z,mcat,coingecko,0.854528,usd
2026-09-18T23:37:00Z,ai2,coingecko,0.298021,usd
2026-09-18T23:36:40Z,trump,coingecko,0.00000382,usd
2026-09-18T23:43:50Z,xrp,coingecko,1.4,usd
2026-09-18T23:44:10Z,btc,coingecko,80890,usd
2026-09-18T23:43:50Z,doge,coingecko,0.087632,usd
2026-09-18T23:44:10Z,marscoin,coingecko,0.074329,usd
2026-09-18T23:43:50Z,mcat,coingecko,0.838381,usd
2026-09-18T23:43:50Z,ai2,coingecko,0.295972,usd
2026-09-18T23:44:10Z,trump,coingecko,0.00000382,usd
2026-09-18T23:59:40Z,xrp,coingecko,1.4,usd
2026-09-18T23:59:40Z,btc,coingecko,80871,usd
2026-09-18T23:59:30Z,doge,coingecko,0.087443,usd
2026-09-18T23:59:50Z,marscoin,coingecko,0.074428,usd
2026-09-18T23:59:50Z,mcat,coingecko,0.855526,usd
2026-09-18T23:59:50Z,ai2,coingecko,0.294253,usd
2026-09-18T23:59:40Z,trump,coingecko,0.00000381,usd
2026-09-19T00:14:40Z,xrp,coingecko,1.4,usd
2026-09-19T00:14:50Z,btc,coingecko,80936,usd
2026-09-19T00:14:50Z,doge,coingecko,0.087655,usd
2026-09-19T00:14:50Z,marscoin,coingecko,0.074418,usd
2026-09-19T00:14:40Z,mcat,coingecko,0.844535,usd
2026-09-19T00:14:40Z,ai2,coingecko,0.294465,usd
2026-09-19T00:14:40Z,trump,coingecko,0.00000383,usd
2026-09-19T00:29:40Z,xrp,coingecko,1.41,usd
2026-09-19T00:29:30Z,btc,coingecko,81068,usd
2026-09-19T00:29:40Z,doge,coingecko,0.087738,usd
2026-09-19T00:29:40Z,marscoin,coingecko,0.074412,usd
2026-09-19T00:29:30Z,mcat,coingecko,0.848784,usd
2026-09-19T00:29:40Z,ai2,coingecko,0.296981,usd
2026-09-19T00:29:30Z,trump,coingecko,0.00000383,usd
2026-09-19T00:44:00Z,xrp,coingecko,1.42,usd
2026-09-19T00:44:20Z,btc,coingecko,81276,usd
2026-09-19T00:44:00Z,doge,coingecko,0.088195,usd
2026-09-19T00:44:20Z,marscoin,coingecko,0.074424,usd
2026-09-19T00:44:10Z,mcat,coingecko,0.837186,usd
2026-09-19T00:44:00Z,ai2,coingecko,0.303091,usd
2026-09-19T00:44:00Z,trump,coingecko,0.00000383,usd
2026-09-19T00:59:50Z,xrp,coingecko,1.41,usd
2026-09-19T00:59:20Z,btc,coingecko,81583,usd
2026-09-19T00:59:50Z,doge,coingecko,0.087898,usd
2026-09-19T00:59:50Z,marscoin,coingecko,0.074425,usd
2026-09-19T00:59:50Z,mcat,coingecko,0.830154,usd
2026-09-19T00:59:50Z,ai2,coingecko,0.30632,usd
2026-09-19T00:59:40Z,trump,coingecko,0.00000382,usd
2026-09-19T01:14:00Z,xrp,coingecko,1.4,usd
2026-09-19T01:14:00Z,btc,coingecko,81288,usd
2026-09-19T01:14:00Z,doge,coingecko,0.0876,usd
2026-09-19T01:14:20Z,marscoin,coingecko,0.074515,usd
2026-09-19T01:14:20Z,mcat,coingecko,0.83175,usd
2026-09-19T01:14:20Z,ai2,coingecko,0.309423,usd
2026-09-19T01:14:20Z,trump,coingecko,0.00000379,usd
2026-09-19T01:29:40Z,xrp,coingecko,1.4,usd
2026-09-19T01:29:30Z,btc,coingecko,81241,usd
2026-09-19T01:29:40Z,doge,coingecko,0.087647,usd
2026-09-19T01:29:40Z,marscoin,coingecko,0.074498,usd
2026-09-19T01:29:40Z,mcat,coingecko,0.826125,usd
2026-09-19T01:29:40Z,ai2,coingecko,0.316262,usd
2026-09-19T01:29:30Z,trump,coingecko,0.00000375,usd
2026-09-19T01:40:20Z,xrp,coingecko,1.4,usd
2026-09-19T01:40:10Z,btc,coingecko,81110,usd
2026-09-19T01:40:10Z,doge,coingecko,0.087308,usd
2026-09-19T01:40:10Z,marscoin,coingecko,0.074475,usd
2026-09-19T01:40:10Z,mcat,coingecko,0.828723,usd
2026-09-19T01:40:10Z,ai2,coingecko,0.318165,usd
2026-09-19T01:40:10Z,trump,coingecko,0.00000372,usd
2026-09-19T01:59:40Z,xrp,coingecko,1.41,usd
2026-09-19T01:59:40Z,btc,coingecko,81253,usd
2026-09-19T01:59:40Z,doge,coingecko,0.087997,usd
2026-09-19T01:59:50Z,marscoin,coingecko,0.074502,usd
2026-09-19T01:59:50Z,mcat,coingecko,0.83767,usd
2026-09-19T01:59:40Z,ai2,coingecko,0.316977,usd
2026-09-19T01:59:40Z,trump,coingecko,0.00000374,usd
2026-09-19T02:14:10Z,xrp,coingecko,1.42,usd
2026-09-19T02:14:00Z,btc,coingecko,81374,usd
2026-09-19T02:14:10Z,doge,coingecko,0.088449,usd
2026-09-19T02:14:20Z,marscoin,coingecko,0.074496,usd
2026-09-19T02:14:20Z,mcat,coingecko,0.837623,usd
2026-09-19T02:14:20Z,ai2,coingecko,0.318668,usd
2026-09-19T02:14:00Z,trump,coingecko,0.00000377,usd
2026-09-19T02:29:10Z,xrp,coingecko,1.42,usd
2026-09-19T02:29:10Z,btc,coingecko,81335,usd
2026-09-19T02:29:10Z,doge,coingecko,0.088273,usd
2026-09-19T02:29:40Z,marscoin,coingecko,0.074519,usd
2026-09-19T02:29:40Z,mcat,coingecko,0.848865,usd
2026-09-19T02:29:40Z,ai2,coingecko,0.317229,usd
2026-09-19T02:29:30Z,trump,coingecko,0.00000377,usd
2026-09-19T02:44:20Z,xrp,coingecko,1.42,usd
2026-09-19T02:44:10Z,btc,coingecko,81308,usd
2026-09-19T02:44:20Z,doge,coingecko,0.088481,usd
2026-09-19T02:44:20Z,marscoin,coingecko,0.074532,usd
2026-09-19T02:44:20Z,mcat,coingecko,0.835552,usd
2026-09-19T02:44:20Z,ai2,coingecko,0.313084,usd
2026-09-19T02:44:10Z,trump,coingecko,0.00000377,usd
2026-09-19T02:59:50Z,xrp,coingecko,1.41,usd
2026-09-19T02:59:50Z,btc,coingecko,81265,usd
2026-09-19T02:59:50Z,doge,coingecko,0.088257,usd
2026-09-19T02:59:50Z,marscoin,coingecko,0.074535,usd
2026-09-19T02:59:50Z,mcat,coingecko,0.834857,usd
2026-09-19T02:59:50Z,ai2,coingecko,0.306277,usd
2026-09-19T02:59:50Z,trump,coingecko,0.00000376,usd
2026-09-19T03:14:00Z,xrp,coingecko,1.41,usd
2026-09-19T03:14:00Z,btc,coingecko,81270,usd
2026-09-19T03:14:00Z,doge,coingecko,0.088209,usd
2026-09-19T03:14:20Z,marscoin,coingecko,0.074516,usd
2026-09-19T03:14:20Z,mcat,coingecko,0.832929,usd
2026-09-19T03:14:20Z,ai2,coingecko,0.305766,usd
2026-09-19T03:14:00Z,trump,coingecko,0.00000377,usd
2026-09-19T03:29:40Z,xrp,coingecko,1.41,usd
2026-09-19T03:29:30Z,btc,coingecko,81126,usd
2026-09-19T03:29:40Z,doge,coingecko,0.087825,usd
2026-09-19T03:29:50Z,marscoin,coingecko,0.074514,usd
2026-09-19T03:29:50Z,mcat,coingecko,0.830067,usd
2026-09-19T03:29:50Z,ai2,coingecko,0.310577,usd
2026-09-19T03:29:50Z,trump,coingecko,0.00000375,usd
2026-09-19T03:44:20Z,xrp,coingecko,1.41,usd
2026-09-19T03:44:20Z,btc,coingecko,81135,usd
2026-09-19T03:44:10Z,doge,coingecko,0.087935,usd
2026-09-19T03:44:30Z,marscoin,coingecko,0.074538,usd
2026-09-19T03:44:30Z,mcat,coingecko,0.824631,usd
2026-09-19T03:44:30Z,ai2,coingecko,0.309833,usd
2026-09-19T03:44:20Z,trump,coingecko,0.00000376,usd
2026-09-19T03:59:40Z,xrp,coingecko,1.42,usd
2026-09-19T03:59:50Z,btc,coingecko,81111,usd
2026-09-19T03:59:40Z,doge,coingecko,0.088017,usd
2026-09-19T03:59:50Z,marscoin,coingecko,0.074516,usd
2026-09-19T03:59:40Z,mcat,coingecko,0.825431,usd
2026-09-19T03:59:40Z,ai2,coingecko,0.312012,usd
2026-09-19T03:59:40Z,trump,coingecko,0.00000377,usd
2026-09-19T04:14:20Z,xrp,coingecko,1.42,usd
2026-09-19T04:14:10Z,btc,coingecko,81176,usd
2026-09-19T04:14:20Z,doge,coingecko,0.088312,usd
2026-09-19T04:14:30Z,marscoin,coingecko,0.074519,usd
2026-09-19T04:14:30Z,mcat,coingecko,0.82562,usd
2026-09-19T04:14:20Z,ai2,coingecko,0.311419,usd
2026-09-19T04:14:20Z,trump,coingecko,0.00000381,usd
2026-09-19T04:29:20Z,xrp,coingecko,1.42,usd
2026-09-19T04:29:20Z,btc,coingecko,81116,usd
2026-09-19T04:29:40Z,doge,coingecko,0.087782,usd
2026-09-19T04:29:40Z,marscoin,coingecko,0.074488,usd
2026-09-19T04:29:40Z,mcat,coingecko,0.820218,usd
2026-09-19T04:29:40Z,ai2,coingecko,0.312863,usd
2026-09-19T04:29:20Z,trump,coingecko,0.0000038,usd
2026-09-19T04:44:10Z,xrp,coingecko,1.41,usd
2026-09-19T04:44:10Z,btc,coingecko,80961,usd
2026-09-19T04:44:20Z,doge,coingecko,0.087417,usd
2026-09-19T04:44:20Z,marscoin,coingecko,0.074464,usd
2026-09-19T04:44:20Z,mcat,coingecko,0.822752,usd
2026-09-19T04:44:20Z,ai2,coingecko,0.311409,usd
2026-09-19T04:44:10Z,trump,coingecko,0.00000378,usd
2026-09-19T04:59:20Z,xrp,coingecko,1.42,usd
2026-09-19T04:59:20Z,btc,coingecko,80992,usd
2026-09-19T04:59:20Z,doge,coingecko,0.087429,usd
2026-09-19T04:59:50Z,marscoin,coingecko,0.074462,usd
2026-09-19T04:59:20Z,mcat,coingecko,0.822019,usd
2026-09-19T04:59:20Z,ai2,coingecko,0.306932,usd
2026-09-19T04:59:50Z,trump,coingecko,0.00000377,usd
2026-09-19T05:14:20Z,xrp,coingecko,1.42,usd
2026-09-19T05:14:30Z,btc,coingecko,81026,usd
2026-09-19T05:14:20Z,doge,coingecko,0.087706,usd
2026-09-19T05:14:30Z,marscoin,coingecko,0.074461,usd
2026-09-19T05:14:20Z,mcat,coingecko,0.830821,usd
2026-09-19T05:14:20Z,ai2,coingecko,0.304127,usd
2026-09-19T05:14:20Z,trump,coingecko,0.00000379,usd
2026-09-19T05:29:40Z,xrp,coingecko,1.43,usd
2026-09-19T05:29:20Z,btc,coingecko,81069,usd
2026-09-19T05:29:40Z,doge,coingecko,0.087743,usd
2026-09-19T05:29:40Z,marscoin,coingecko,0.074459,usd
2026-09-19T05:29:40Z,mcat,coingecko,0.8619,usd
2026-09-19T05:29:30Z,ai2,coingecko,0.304031,usd
2026-09-19T05:29:30Z,trump,coingecko,0.00000378,usd
2026-09-19T05:44:20Z,xrp,coingecko,1.44,usd
2026-09-19T05:44:10Z,btc,coingecko,81012,usd
2026-09-19T05:44:00Z,doge,coingecko,0.087554,usd
2026-09-19T05:44:20Z,marscoin,coingecko,0.07445,usd
2026-09-19T05:44:20Z,mcat,coingecko,0.845569,usd
2026-09-19T05:44:20Z,ai2,coingecko,0.304035,usd
2026-09-19T05:44:10Z,trump,coingecko,0.00000376,usd
2026-09-19T05:59:40Z,xrp,coingecko,1.43,usd
2026-09-19T05:59:50Z,btc,coingecko,81012,usd
2026-09-19T05:59:40Z,doge,coingecko,0.087437,usd
2026-09-19T05:59:50Z,marscoin,coingecko,0.074417,usd
2026-09-19T05:59:50Z,mcat,coingecko,0.839032,usd
2026-09-19T05:59:50Z,ai2,coingecko,0.302782,usd
2026-09-19T05:59:50Z,trump,coingecko,0.00000376,usd
2026-09-19T06:14:10Z,xrp,coingecko,1.42,usd
2026-09-19T06:14:20Z,btc,coingecko,80980,usd
2026-09-19T06:14:00Z,doge,coingecko,0.08723,usd
2026-09-19T06:14:20Z,marscoin,coingecko,0.074399,usd
2026-09-19T06:14:20Z,mcat,coingecko,0.834599,usd
2026-09-19T06:14:20Z,ai2,coingecko,0.30382,usd
2026-09-19T06:14:20Z,trump,coingecko,0.00000375,usd
2026-09-19T06:29:30Z,xrp,coingecko,1.42,usd
2026-09-19T06:29:20Z,btc,coingecko,80935,usd
2026-09-19T06:29:20Z,doge,coingecko,0.086942,usd
2026-09-19T06:29:40Z,marscoin,coingecko,0.074405,usd
2026-09-19T06:29:40Z,mcat,coingecko,0.812011,usd
2026-09-19T06:29:40Z,ai2,coingecko,0.301269,usd
2026-09-19T06:29:20Z,trump,coingecko,0.00000376,usd
2026-09-19T06:40:50Z,xrp,coingecko,1.43,usd
2026-09-19T06:40:40Z,btc,coingecko,81054,usd
2026-09-19T06:41:00Z,doge,coingecko,0.087321,usd
2026-09-19T06:41:00Z,marscoin,coingecko,0.074411,usd
2026-09-19T06:40:40Z,mcat,coingecko,0.814635,usd
2026-09-19T06:41:00Z,ai2,coingecko,0.302048,usd
2026-09-19T06:40:40Z,trump,coingecko,0.00000378,usd
2026-09-19T06:59:40Z,xrp,coingecko,1.42,usd
2026-09-19T06:59:40Z,btc,coingecko,81010,usd
2026-09-19T06:59:40Z,doge,coingecko,0.087088,usd
2026-09-19T06:59:40Z,marscoin,coingecko,0.074413,usd
2026-09-19T06:59:40Z,mcat,coingecko,0.833702,usd
2026-09-19T06:59:40Z,ai2,coingecko,0.298577,usd
2026-09-19T06:59:40Z,trump,coingecko,0.00000377,usd
2026-09-19T07:14:20Z,xrp,coingecko,1.42,usd
2026-09-19T07:14:40Z,btc,coingecko,81101,usd
2026-09-19T07:14:10Z,doge,coingecko,0.08717,usd
2026-09-19T07:14:40Z,marscoin,coingecko,0.074401,usd
2026-09-19T07:14:10Z,mcat,coingecko,0.843226,usd
2026-09-19T07:14:40Z,ai2,coingecko,0.29883,usd
2026-09-19T07:14:40Z,trump,coingecko,0.00000377,usd
2026-09-19T07:29:20Z,xrp,coingecko,1.42,usd
2026-09-19T07:29:40Z,btc,coingecko,81064,usd
2026-09-19T07:29:20Z,doge,coingecko,0.087099,usd
2026-09-19T07:29:40Z,marscoin,coingecko,0.074413,usd
2026-09-19T07:29:40Z,mcat,coingecko,0.840206,usd
2026-09-19T07:29:20Z,ai2,coingecko,0.299081,usd
2026-09-19T07:29:20Z,trump,coingecko,0.00000376,usd
2026-09-19T07:44:10Z,xrp,coingecko,1.41,usd
2026-09-19T07:44:20Z,btc,coingecko,81027,usd
2026-09-19T07:44:10Z,doge,coingecko,0.086781,usd
2026-09-19T07:44:20Z,marscoin,coingecko,0.0744,usd
2026-09-19T07:44:20Z,mcat,coingecko,0.849778,usd
2026-09-19T07:44:20Z,ai2,coingecko,0.299639,usd
2026-09-19T07:44:20Z,trump,coingecko,0.00000375,usd
2026-09-19T07:59:50Z,xrp,coingecko,1.41,usd
2026-09-19T07:59:50Z,btc,coingecko,81086,usd
2026-09-19T07:59:50Z,doge,coingecko,0.08668,usd
2026-09-19T07:59:50Z,marscoin,coingecko,0.074409,usd
2026-09-19T07:59:50Z,mcat,coingecko,0.85097,usd
2026-09-19T07:59:50Z,ai2,coingecko,0.300422,usd
2026-09-19T07:59:50Z,trump,coingecko,0.00000375,usd
2026-09-19T08:14:20Z,xrp,coingecko,1.42,usd
2026-09-19T08:14:20Z,btc,coingecko,81206,usd
2026-09-19T08:14:10Z,doge,coingecko,0.087128,usd
2026-09-19T08:14:20Z,marscoin,coingecko,0.074417,usd
2026-09-19T08:14:20Z,mcat,coingecko,0.860033,usd
2026-09-19T08:14:20Z,ai2,coingecko,0.298671,usd
2026-09-19T08:14:10Z,trump,coingecko,0.00000377,usd
2026-09-19T08:29:20Z,xrp,coingecko,1.42,usd
2026-09-19T08:29:40Z,btc,coingecko,81243,usd
2026-09-19T08:29:40Z,doge,coingecko,0.087181,usd
2026-09-19T08:29:40Z,marscoin,coingecko,0.074417,usd
2026-09-19T08:29:40Z,mcat,coingecko,0.858008,usd
2026-09-19T08:29:40Z,ai2,coingecko,0.299783,usd
2026-09-19T08:29:20Z,trump,coingecko,0.00000377,usd
2026-09-19T08:44:10Z,xrp,coingecko,1.42,usd
2026-09-19T08:44:10Z,btc,coingecko,81297,usd
2026-09-19T08:44:10Z,doge,coingecko,0.087416,usd
2026-09-19T08:44:10Z,marscoin,coingecko,0.074431,usd
2026-09-19T08:44:10Z,mcat,coingecko,0.86344,usd
2026-09-19T08:44:10Z,ai2,coingecko,0.303076,usd
2026-09-19T08:44:10Z,trump,coingecko,0.00000377,usd
2026-09-19T08:59:30Z,xrp,coingecko,1.41,usd
2026-09-19T08:59:40Z,btc,coingecko,81280,usd
2026-09-19T08:59:30Z,doge,coingecko,0.087275,usd
2026-09-19T08:59:50Z,marscoin,coingecko,0.074432,usd
2026-09-19T08:59:50Z,mcat,coingecko,0.861133,usd
2026-09-19T08:59:50Z,ai2,coingecko,0.304191,usd
2026-09-19T08:59:50Z,trump,coingecko,0.00000378,usd
2026-09-19T09:14:10Z,xrp,coingecko,1.41,usd
2026-09-19T09:14:10Z,btc,coingecko,81420,usd
2026-09-19T09:14:10Z,doge,coingecko,0.087279,usd
2026-09-19T09:14:20Z,marscoin,coingecko,0.074427,usd
2026-09-19T09:14:10Z,mcat,coingecko,0.862995,usd
2026-09-19T09:14:10Z,ai2,coingecko,0.304285,usd
2026-09-19T09:14:20Z,trump,coingecko,0.00000377,usd
2026-09-19T09:29:30Z,xrp,coingecko,1.42,usd
2026-09-19T09:29:30Z,btc,coingecko,81396,usd
2026-09-19T09:29:50Z,doge,coingecko,0.087298,usd
2026-09-19T09:29:50Z,marscoin,coingecko,0.074416,usd
2026-09-19T09:29:50Z,mcat,coingecko,0.867368,usd
2026-09-19T09:29:50Z,ai2,coingecko,0.30526,usd
2026-09-19T09:29:30Z,trump,coingecko,0.00000377,usd
2026-09-19T09:44:20Z,xrp,coingecko,1.41,usd
2026-09-19T09:44:20Z,btc,coingecko,81240,usd
2026-09-19T09:44:00Z,doge,coingecko,0.087046,usd
2026-09-19T09:44:20Z,marscoin,coingecko,0.074389,usd
2026-09-19T09:44:20Z,mcat,coingecko,0.886004,usd
2026-09-19T09:44:20Z,ai2,coingecko,0.304542,usd
2026-09-19T09:44:20Z,trump,coingecko,0.00000377,usd
2026-09-19T09:59:50Z,xrp,coingecko,1.41,usd
2026-09-19T09:59:40Z,btc,coingecko,81304,usd
2026-09-19T09:59:30Z,doge,coingecko,0.087288,usd
2026-09-19T09:59:50Z,marscoin,coingecko,0.074354,usd
2026-09-19T09:59:50Z,mcat,coingecko,0.877901,usd
2026-09-19T09:59:50Z,ai2,coingecko,0.303415,usd
2026-09-19T09:59:40Z,trump,coingecko,0.00000377,usd
2026-09-19T10:14:10Z,xrp,coingecko,1.41,usd
2026-09-19T10:14:10Z,btc,coingecko,81281,usd
2026-09-19T10:14:10Z,doge,coingecko,0.087322,usd
2026-09-19T10:14:30Z,marscoin,coingecko,0.074375,usd
2026-09-19T10:14:30Z,mcat,coingecko,0.880141,usd
2026-09-19T10:14:30Z,ai2,coingecko,0.302798,usd
2026-09-19T10:14:30Z,trump,coingecko,0.00000377,usd
2026-09-19T10:29:20Z,xrp,coingecko,1.42,usd
2026-09-19T10:29:20Z,btc,coingecko,81282,usd
2026-09-19T10:29:40Z,doge,coingecko,0.087679,usd
2026-09-19T10:29:40Z,marscoin,coingecko,0.074393,usd
2026-09-19T10:29:40Z,mcat,coingecko,0.883538,usd
2026-09-19T10:29:20Z,ai2,coingecko,0.302788,usd
2026-09-19T10:29:30Z,trump,coingecko,0.00000379,usd
2026-09-19T10:44:20Z,xrp,coingecko,1.42,usd
2026-09-19T10:44:20Z,btc,coingecko,81219,usd
2026-09-19T10:44:20Z,doge,coingecko,0.087778,usd
2026-09-19T10:44:20Z,marscoin,coingecko,0.074378,usd
2026-09-19T10:44:20Z,mcat,coingecko,0.883858,usd
2026-09-19T10:44:30Z,ai2,coingecko,0.304517,usd
2026-09-19T10:44:20Z,trump,coingecko,0.0000038,usd
2026-09-19T10:59:30Z,xrp,coingecko,1.42,usd
2026-09-19T10:59:40Z,btc,coingecko,81198,usd
2026-09-19T10:59:40Z,doge,coingecko,0.087674,usd
2026-09-19T10:59:50Z,marscoin,coingecko,0.074392,usd
2026-09-19T10:59:50Z,mcat,coingecko,0.883784,usd
2026-09-19T10:59:50Z,ai2,coingecko,0.30247,usd
2026-09-19T10:59:50Z,trump,coingecko,0.0000038,usd
2026-09-19T11:14:20Z,xrp,coingecko,1.42,usd
2026-09-19T11:14:20Z,btc,coingecko,81288,usd
2026-09-19T11:14:10Z,doge,coingecko,0.088048,usd
2026-09-19T11:14:20Z,marscoin,coingecko,0.074407,usd
2026-09-19T11:14:20Z,mcat,coingecko,0.884909,usd
2026-09-19T11:14:20Z,ai2,coingecko,0.302898,usd
2026-09-19T11:14:20Z,trump,coingecko,0.00000381,usd
2026-09-19T11:29:20Z,xrp,coingecko,1.42,usd
2026-09-19T11:29:20Z,btc,coingecko,81254,usd
2026-09-19T11:29:40Z,doge,coingecko,0.088111,usd
2026-09-19T11:29:40Z,marscoin,coingecko,0.074399,usd
2026-09-19T11:29:40Z,mcat,coingecko,0.883857,usd
2026-09-19T11:29:20Z,ai2,coingecko,0.30156,usd
2026-09-19T11:29:40Z,trump,coingecko,0.00000382,usd
2026-09-19T11:35:50Z,xrp,coingecko,1.43,usd
2026-09-19T11:36:10Z,btc,coingecko,81212,usd
2026-09-19T11:36:00Z,doge,coingecko,0.088088,usd
2026-09-19T11:36:20Z,marscoin,coingecko,0.074417,usd
2026-09-19T11:36:10Z,mcat,coingecko,0.899417,usd
2026-09-19T11:36:10Z,ai2,coingecko,0.298831,usd
2026-09-19T11:35:50Z,trump,coingecko,0.00000382,usd
2026-09-19T11:44:20Z,xrp,coingecko,1.43,usd
2026-09-19T11:44:10Z,btc,coingecko,81253,usd
2026-09-19T11:44:20Z,doge,coingecko,0.088189,usd
2026-09-19T11:44:20Z,marscoin,coingecko,0.074415,usd
2026-09-19T11:44:20Z,mcat,coingecko,0.90627,usd
2026-09-19T11:44:20Z,ai2,coingecko,0.29776,usd
2026-09-19T11:44:10Z,trump,coingecko,0.00000381,usd
2026-09-19T11:59:40Z,xrp,coingecko,1.43,usd
2026-09-19T11:59:40Z,btc,coingecko,81276,usd
2026-09-19T11:59:50Z,doge,coingecko,0.088385,usd
2026-09-19T11:59:50Z,marscoin,coingecko,0.074414,usd
2026-09-19T11:59:50Z,mcat,coingecko,0.992184,usd
2026-09-19T11:59:50Z,ai2,coingecko,0.298666,usd
2026-09-19T11:59:40Z,trump,coingecko,0.00000381,usd
2026-09-19T12:14:10Z,xrp,coingecko,1.43,usd
2026-09-19T12:14:10Z,btc,coingecko,81314,usd
2026-09-19T12:14:20Z,doge,coingecko,0.088401,usd
2026-09-19T12:14:20Z,marscoin,coingecko,0.074429,usd
2026-09-19T12:14:20Z,mcat,coingecko,1.014,usd
2026-09-19T12:14:20Z,ai2,coingecko,0.298212,usd
2026-09-19T12:14:10Z,trump,coingecko,0.00000381,usd
2026-09-19T12:29:20Z,xrp,coingecko,1.43,usd
2026-09-19T12:29:20Z,btc,coingecko,81209,usd
2026-09-19T12:29:40Z,doge,coingecko,0.088167,usd
2026-09-19T12:29:40Z,marscoin,coingecko,0.074446,usd
2026-09-19T12:29:40Z,mcat,coingecko,0.991862,usd
2026-09-19T12:29:20Z,ai2,coingecko,0.296988,usd
2026-09-19T12:29:20Z,trump,coingecko,0.00000381,usd
2026-09-19T12:44:20Z,xrp,coingecko,1.43,usd
2026-09-19T12:44:00Z,btc,coingecko,81246,usd
2026-09-19T12:44:10Z,doge,coingecko,0.088162,usd
2026-09-19T12:44:30Z,marscoin,coingecko,0.074446,usd
2026-09-19T12:44:30Z,mcat,coingecko,0.933055,usd
2026-09-19T12:44:30Z,ai2,coingecko,0.295198,usd
2026-09-19T12:44:10Z,trump,coingecko,0.00000381,usd
2026-09-19T12:59:50Z,xrp,coingecko,1.43,usd
2026-09-19T12:59:50Z,btc,coingecko,81303,usd
2026-09-19T12:59:30Z,doge,coingecko,0.088697,usd
2026-09-19T12:59:50Z,marscoin,coingecko,0.074447,usd
2026-09-19T12:59:50Z,mcat,coingecko,0.962722,usd
2026-09-19T12:59:50Z,ai2,coingecko,0.288099,usd
2026-09-19T12:59:30Z,trump,coingecko,0.00000382,usd
2026-09-19T13:14:30Z,xrp,coingecko,1.44,usd
2026-09-19T13:14:20Z,btc,coingecko,81225,usd
2026-09-19T13:14:10Z,doge,coingecko,0.088889,usd
2026-09-19T13:14:30Z,marscoin,coingecko,0.074436,usd
2026-09-19T13:14:30Z,mcat,coingecko,0.989194,usd
2026-09-19T13:14:30Z,ai2,coingecko,0.284833,usd
2026-09-19T13:14:20Z,trump,coingecko,0.00000381,usd
2026-09-19T13:29:40Z,xrp,coingecko,1.44,usd
2026-09-19T13:29:20Z,btc,coingecko,81216,usd
2026-09-19T13:29:40Z,doge,coingecko,0.088646,usd
2026-09-19T13:29:50Z,marscoin,coingecko,0.074435,usd
2026-09-19T13:29:50Z,mcat,coingecko,1.13,usd
2026-09-19T13:29:20Z,ai2,coingecko,0.285407,usd
2026-09-19T13:29:20Z,trump,coingecko,0.00000382,usd
2026-09-19T13:44:10Z,xrp,coingecko,1.43,usd
2026-09-19T13:44:00Z,btc,coingecko,81225,usd
2026-09-19T13:44:10Z,doge,coingecko,0.088646,usd
2026-09-19T13:44:20Z,marscoin,coingecko,0.074422,usd
2026-09-19T13:44:20Z,mcat,coingecko,1.078,usd
2026-09-19T13:44:20Z,ai2,coingecko,0.287487,usd
2026-09-19T13:44:20Z,trump,coingecko,0.00000381,usd
2026-09-19T14:00:00Z,xrp,coingecko,1.44,usd
2026-09-19T14:00:00Z,btc,coingecko,81324,usd
2026-09-19T13:59:30Z,doge,coingecko,0.088839,usd
2026-09-19T14:00:00Z,marscoin,coingecko,0.074439,usd
2026-09-19T14:00:00Z,mcat,coingecko,1.14,usd
2026-09-19T14:00:00Z,ai2,coingecko,0.28541,usd
2026-09-19T13:59:40Z,trump,coingecko,0.00000381,usd
2026-09-19T14:14:40Z,xrp,coingecko,1.44,usd
2026-09-19T14:14:40Z,btc,coingecko,81358,usd
2026-09-19T14:14:10Z,doge,coingecko,0.088844,usd
2026-09-19T14:14:40Z,marscoin,coingecko,0.074433,usd
2026-09-19T14:14:40Z,mcat,coingecko,1.023,usd
2026-09-19T14:14:40Z,ai2,coingecko,0.288979,usd
2026-09-19T14:14:30Z,trump,coingecko,0.00000382,usd
2026-09-19T14:29:30Z,xrp,coingecko,1.45,usd
2026-09-19T14:29:20Z,btc,coingecko,81496,usd
2026-09-19T14:29:40Z,doge,coingecko,0.089578,usd
2026-09-19T14:29:40Z,marscoin,coingecko,0.074425,usd
2026-09-19T14:29:40Z,mcat,coingecko,0.978059,usd
2026-09-19T14:29:20Z,ai2,coingecko,0.290153,usd
2026-09-19T14:29:40Z,trump,coingecko,0.00000384,usd
2026-09-19T14:44:20Z,xrp,coingecko,1.44,usd
2026-09-19T14:44:20Z,btc,coingecko,81508,usd
2026-09-19T14:44:10Z,doge,coingecko,0.08917,usd
2026-09-19T14:44:30Z,marscoin,coingecko,0.074423,usd
2026-09-19T14:44:30Z,mcat,coingecko,0.99082,usd
2026-09-19T14:44:30Z,ai2,coingecko,0.287055,usd
2026-09-19T14:44:30Z,trump,coingecko,0.00000381,usd
2026-09-19T14:49:40Z,xrp,coingecko,1.44,usd
2026-09-19T14:49:30Z,btc,coingecko,81507,usd
2026-09-19T14:49:30Z,doge,coingecko,0.088995,usd
2026-09-19T14:49:40Z,marscoin,coingecko,0.07443,usd
2026-09-19T14:49:40Z,mcat,coingecko,0.98475,usd
2026-09-19T14:49:30Z,ai2,coingecko,0.286817,usd
2026-09-19T14:49:30Z,trump,coingecko,0.0000038,usd
2026-09-19T14:59:50Z,xrp,coingecko,1.44,usd
2026-09-19T14:59:50Z,btc,coingecko,81544,usd
2026-09-19T14:59:40Z,doge,coingecko,0.089017,usd
2026-09-19T14:59:50Z,marscoin,coingecko,0.074423,usd
2026-09-19T14:59:50Z,mcat,coingecko,0.890092,usd
2026-09-19T14:59:50Z,ai2,coingecko,0.289182,usd
2026-09-19T14:59:50Z,trump,coingecko,0.00000381,usd
2026-09-19T15:14:20Z,xrp,coingecko,1.44,usd
2026-09-19T15:14:10Z,btc,coingecko,81706,usd
2026-09-19T15:14:00Z,doge,coingecko,0.089031,usd
2026-09-19T15:14:20Z,marscoin,coingecko,0.074442,usd
2026-09-19T15:14:00Z,mcat,coingecko,0.916059,usd
2026-09-19T15:14:00Z,ai2,coingecko,0.284227,usd
2026-09-19T15:14:20Z,trump,coingecko,0.00000383,usd
2026-09-19T15:29:30Z,xrp,coingecko,1.43,usd
2026-09-19T15:29:20Z,btc,coingecko,81560,usd
2026-09-19T15:29:40Z,doge,coingecko,0.088596,usd
2026-09-19T15:29:50Z,marscoin,coingecko,0.074443,usd
2026-09-19T15:29:50Z,mcat,coingecko,0.896105,usd
2026-09-19T15:29:50Z,ai2,coingecko,0.281236,usd
2026-09-19T15:29:20Z,trump,coingecko,0.00000383,usd
2026-09-19T15:44:00Z,xrp,coingecko,1.44,usd
2026-09-19T15:44:00Z,btc,coingecko,81833,usd
2026-09-19T15:44:10Z,doge,coingecko,0.089058,usd
2026-09-19T15:44:20Z,marscoin,coingecko,0.074452,usd
2026-09-19T15:44:20Z,mcat,coingecko,0.91059,usd
2026-09-19T15:44:20Z,ai2,coingecko,0.282045,usd
2026-09-19T15:44:10Z,trump,coingecko,0.00000385,usd
2026-09-19T15:59:40Z,xrp,coingecko,1.43,usd
2026-09-19T15:59:40Z,btc,coingecko,81599,usd
2026-09-19T15:59:40Z,doge,coingecko,0.088871,usd
2026-09-19T15:59:50Z,marscoin,coingecko,0.074453,usd
2026-09-19T15:59:50Z,mcat,coingecko,0.899092,usd
2026-09-19T15:59:50Z,ai2,coingecko,0.282408,usd
2026-09-19T15:59:50Z,trump,coingecko,0.00000384,usd
2026-09-19T16:14:20Z,xrp,coingecko,1.44,usd
2026-09-19T16:14:20Z,btc,coingecko,81700,usd
2026-09-19T16:14:20Z,doge,coingecko,0.089398,usd
2026-09-19T16:14:20Z,marscoin,coingecko,0.074459,usd
2026-09-19T16:14:10Z,mcat,coingecko,0.885949,usd
2026-09-19T16:14:10Z,ai2,coingecko,0.284567,usd
2026-09-19T16:14:20Z,trump,coingecko,0.00000393,usd
2026-09-19T16:29:40Z,xrp,coingecko,1.43,usd
2026-09-19T16:29:30Z,btc,coingecko,81836,usd
2026-09-19T16:29:40Z,doge,coingecko,0.089317,usd
2026-09-19T16:29:40Z,marscoin,coingecko,0.074515,usd
2026-09-19T16:29:40Z,mcat,coingecko,0.832825,usd
2026-09-19T16:29:20Z,ai2,coingecko,0.287987,usd
2026-09-19T16:29:30Z,trump,coingecko,0.00000392,usd
2026-09-19T16:44:10Z,xrp,coingecko,1.44,usd
2026-09-19T16:44:20Z,btc,coingecko,81842,usd
2026-09-19T16:44:20Z,doge,coingecko,0.089545,usd
2026-09-19T16:44:30Z,marscoin,coingecko,0.074531,usd
2026-09-19T16:44:30Z,mcat,coingecko,0.847853,usd
2026-09-19T16:44:30Z,ai2,coingecko,0.288116,usd
2026-09-19T16:44:20Z,trump,coingecko,0.000004,usd
2026-09-19T16:59:30Z,xrp,coingecko,1.43,usd
2026-09-19T16:59:40Z,btc,coingecko,81817,usd
2026-09-19T16:59:50Z,doge,coingecko,0.089613,usd
2026-09-19T16:59:50Z,marscoin,coingecko,0.074545,usd
2026-09-19T16:59:50Z,mcat,coingecko,0.845677,usd
2026-09-19T16:59:50Z,ai2,coingecko,0.286232,usd
2026-09-19T16:59:40Z,trump,coingecko,0.00000405,usd
2026-09-19T17:14:10Z,xrp,coingecko,1.44,usd
2026-09-19T17:14:20Z,btc,coingecko,81738,usd
2026-09-19T17:14:20Z,doge,coingecko,0.090841,usd
2026-09-19T17:14:20Z,marscoin,coingecko,0.074548,usd
2026-09-19T17:14:20Z,mcat,coingecko,0.833399,usd
2026-09-19T17:14:20Z,ai2,coingecko,0.285947,usd
2026-09-19T17:14:20Z,trump,coingecko,0.00000418,usd
2026-09-19T17:28:30Z,xrp,coingecko,1.43,usd
2026-09-19T17:28:20Z,btc,coingecko,81466,usd
2026-09-19T17:28:20Z,doge,coingecko,0.090432,usd
2026-09-19T17:28:20Z,marscoin,coingecko,0.074529,usd
2026-09-19T17:28:20Z,mcat,coingecko,0.837586,usd
2026-09-19T17:28:20Z,ai2,coingecko,0.287214,usd
2026-09-19T17:28:20Z,trump,coingecko,0.00000414,usd
2026-09-19T17:44:20Z,xrp,coingecko,1.42,usd
2026-09-19T17:44:10Z,btc,coingecko,81458,usd
2026-09-19T17:44:20Z,doge,coingecko,0.089899,usd
2026-09-19T17:44:20Z,marscoin,coingecko,0.074505,usd
2026-09-19T17:44:20Z,mcat,coingecko,0.832722,usd
2026-09-19T17:44:20Z,ai2,coingecko,0.289698,usd
2026-09-19T17:44:10Z,trump,coingecko,0.00000415,usd
2026-09-19T17:59:40Z,xrp,coingecko,1.43,usd
2026-09-19T17:59:50Z,btc,coingecko,81452,usd
2026-09-19T17:59:50Z,doge,coingecko,0.089855,usd
2026-09-19T17:59:50Z,marscoin,coingecko,0.074516,usd
2026-09-19T17:59:50Z,mcat,coingecko,0.83542,usd
2026-09-19T17:59:50Z,ai2,coingecko,0.290216,usd
2026-09-19T17:59:50Z,trump,coingecko,0.00000417,usd
2026-09-19T18:14:10Z,xrp,coingecko,1.43,usd
2026-09-19T18:14:10Z,btc,coingecko,81359,usd
2026-09-19T18:14:10Z,doge,coingecko,0.08975,usd
2026-09-19T18:14:20Z,marscoin,coingecko,0.074521,usd
2026-09-19T18:14:20Z,mcat,coingecko,0.827277,usd
2026-09-19T18:14:20Z,ai2,coingecko,0.292228,usd
2026-09-19T18:14:20Z,trump,coingecko,0.0000042,usd
2026-09-19T18:29:30Z,xrp,coingecko,1.42,usd
2026-09-19T18:29:20Z,btc,coingecko,81421,usd
2026-09-19T18:29:40Z,doge,coingecko,0.0895,usd
2026-09-19T18:29:40Z,marscoin,coingecko,0.074526,usd
2026-09-19T18:29:40Z,mcat,coingecko,0.831073,usd
2026-09-19T18:29:20Z,ai2,coingecko,0.291872,usd
2026-09-19T18:29:30Z,trump,coingecko,0.00000422,usd
2026-09-19T18:44:10Z,xrp,coingecko,1.43,usd
2026-09-19T18:44:20Z,btc,coingecko,81476,usd
2026-09-19T18:44:20Z,doge,coingecko,0.089769,usd
2026-09-19T18:44:20Z,marscoin,coingecko,0.074534,usd
2026-09-19T18:44:20Z,mcat,coingecko,0.836201,usd
2026-09-19T18:44:20Z,ai2,coingecko,0.291726,usd
2026-09-19T18:44:20Z,trump,coingecko,0.00000427,usd
2026-09-19T18:59:40Z,xrp,coingecko,1.43,usd
2026-09-19T18:59:50Z,btc,coingecko,81407,usd
2026-09-19T18:59:50Z,doge,coingecko,0.089649,usd
2026-09-19T18:59:50Z,marscoin,coingecko,0.074516,usd
2026-09-19T18:59:50Z,mcat,coingecko,0.83531,usd
2026-09-19T18:59:50Z,ai2,coingecko,0.293436,usd
2026-09-19T18:59:40Z,trump,coingecko,0.00000425,usd
2026-09-19T19:14:10Z,xrp,coingecko,1.43,usd
2026-09-19T19:14:10Z,btc,coingecko,81373,usd
2026-09-19T19:14:10Z,doge,coingecko,0.08964,usd
2026-09-19T19:14:30Z,marscoin,coingecko,0.074633,usd
2026-09-19T19:14:10Z,mcat,coingecko,0.835435,usd
2026-09-19T19:14:10Z,ai2,coingecko,0.29155,usd
2026-09-19T19:14:30Z,trump,coingecko,0.00000426,usd
2026-09-19T19:29:20Z,xrp,coingecko,1.43,usd
2026-09-19T19:29:40Z,btc,coingecko,81384,usd
2026-09-19T19:29:20Z,doge,coingecko,0.089805,usd
2026-09-19T19:29:40Z,marscoin,coingecko,0.074655,usd
2026-09-19T19:29:40Z,mcat,coingecko,0.837605,usd
2026-09-19T19:29:20Z,ai2,coingecko,0.289147,usd
2026-09-19T19:29:20Z,trump,coingecko,0.00000423,usd
2026-09-19T19:32:10Z,xrp,coingecko,1.43,usd
2026-09-19T19:32:00Z,btc,coingecko,81357,usd
2026-09-19T19:32:10Z,doge,coingecko,0.089594,usd
2026-09-19T19:32:20Z,marscoin,coingecko,0.074652,usd
2026-09-19T19:32:10Z,mcat,coingecko,0.842409,usd
2026-09-19T19:32:10Z,ai2,coingecko,0.287687,usd
2026-09-19T19:32:20Z,trump,coingecko,0.0000042,usd
2026-09-19T19:44:30Z,xrp,coingecko,1.43,usd
2026-09-19T19:44:10Z,btc,coingecko,81323,usd
2026-09-19T19:44:10Z,doge,coingecko,0.089391,usd
2026-09-19T19:44:30Z,marscoin,coingecko,0.074654,usd
2026-09-19T19:44:30Z,mcat,coingecko,0.85344,usd
2026-09-19T19:44:30Z,ai2,coingecko,0.287911,usd
2026-09-19T19:44:30Z,trump,coingecko,0.00000418,usd
2026-09-19T19:59:40Z,xrp,coingecko,1.43,usd
2026-09-19T19:59:40Z,btc,coingecko,81315,usd
2026-09-19T19:59:20Z,doge,coingecko,0.089187,usd
2026-09-19T19:59:40Z,marscoin,coingecko,0.074644,usd
2026-09-19T19:59:20Z,mcat,coingecko,0.875186,usd
2026-09-19T19:59:20Z,ai2,coingecko,0.286001,usd
2026-09-19T19:59:40Z,trump,coingecko,0.00000422,usd
2026-09-19T20:14:20Z,xrp,coingecko,1.43,usd
2026-09-19T20:14:10Z,btc,coingecko,81387,usd
2026-09-19T20:14:10Z,doge,coingecko,0.089004,usd
2026-09-19T20:14:20Z,marscoin,coingecko,0.074652,usd
2026-09-19T20:14:20Z,mcat,coingecko,0.883485,usd
2026-09-19T20:14:20Z,ai2,coingecko,0.285745,usd
2026-09-19T20:14:10Z,trump,coingecko,0.00000422,usd
2026-09-19T20:29:20Z,xrp,coingecko,1.43,usd
2026-09-19T20:29:20Z,btc,coingecko,81255,usd
2026-09-19T20:29:20Z,doge,coingecko,0.088851,usd
2026-09-19T20:29:40Z,marscoin,coingecko,0.074644,usd
2026-09-19T20:29:40Z,mcat,coingecko,0.884621,usd
2026-09-19T20:29:40Z,ai2,coingecko,0.28449,usd
2026-09-19T20:29:20Z,trump,coingecko,0.00000421,usd
2026-09-19T20:44:10Z,xrp,coingecko,1.43,usd
2026-09-19T20:44:10Z,btc,coingecko,81240,usd
2026-09-19T20:44:00Z,doge,coingecko,0.089008,usd
2026-09-19T20:44:10Z,marscoin,coingecko,0.074649,usd
2026-09-19T20:44:10Z,mcat,coingecko,0.869016,usd
2026-09-19T20:44:10Z,ai2,coingecko,0.280552,usd
2026-09-19T20:44:10Z,trump,coingecko,0.00000421,usd
2026-09-19T20:59:50Z,xrp,coingecko,1.43,usd
2026-09-19T20:59:30Z,btc,coingecko,81107,usd
2026-09-19T20:59:30Z,doge,coingecko,0.088887,usd
2026-09-19T20:59:50Z,marscoin,coingecko,0.074651,usd
2026-09-19T20:59:50Z,mcat,coingecko,0.862677,usd
2026-09-19T20:59:50Z,ai2,coingecko,0.277567,usd
2026-09-19T20:59:50Z,trump,coingecko,0.00000422,usd
2026-09-19T21:13:50Z,xrp,coingecko,1.42,usd
2026-09-19T21:14:10Z,btc,coingecko,81003,usd
2026-09-19T21:14:00Z,doge,coingecko,0.088001,usd
2026-09-19T21:14:10Z,marscoin,coingecko,0.07465,usd
2026-09-19T21:14:00Z,mcat,coingecko,0.870995,usd
2026-09-19T21:14:00Z,ai2,coingecko,0.275171,usd
2026-09-19T21:14:10Z,trump,coingecko,0.00000418,usd
2026-09-19T21:29:30Z,xrp,coingecko,1.42,usd
2026-09-19T21:29:30Z,btc,coingecko,81028,usd
2026-09-19T21:29:40Z,doge,coingecko,0.087743,usd
2026-09-19T21:29:40Z,marscoin,coingecko,0.074645,usd
2026-09-19T21:29:40Z,mcat,coingecko,0.878961,usd
2026-09-19T21:29:20Z,ai2,coingecko,0.274781,usd
2026-09-19T21:29:30Z,trump,coingecko,0.00000417,usd
2026-09-19T21:41:20Z,xrp,coingecko,1.41,usd
2026-09-19T21:41:30Z,btc,coingecko,81001,usd
2026-09-19T21:41:30Z,doge,coingecko,0.087208,usd
2026-09-19T21:41:30Z,marscoin,coingecko,0.074634,usd
2026-09-19T21:41:30Z,mcat,coingecko,0.878857,usd
2026-09-19T21:41:30Z,ai2,coingecko,0.27477,usd
2026-09-19T21:41:30Z,trump,coingecko,0.00000406,usd
2026-09-19T21:59:50Z,xrp,coingecko,1.41,usd
2026-09-19T21:59:50Z,btc,coingecko,81085,usd
2026-09-19T21:59:50Z,doge,coingecko,0.08736,usd
2026-09-19T21:59:50Z,marscoin,coingecko,0.074661,usd
2026-09-19T21:59:50Z,mcat,coingecko,0.852179,usd
2026-09-19T21:59:50Z,ai2,coingecko,0.278852,usd
2026-09-19T21:59:50Z,trump,coingecko,0.00000407,usd
2026-09-19T22:14:20Z,xrp,coingecko,1.4,usd
2026-09-19T22:14:10Z,btc,coingecko,80976,usd
2026-09-19T22:14:20Z,doge,coingecko,0.087048,usd
2026-09-19T22:14:20Z,marscoin,coingecko,0.074646,usd
2026-09-19T22:14:10Z,mcat,coingecko,0.849259,usd
2026-09-19T22:14:00Z,ai2,coingecko,0.271989,usd
2026-09-19T22:14:20Z,trump,coingecko,0.00000403,usd
2026-09-19T22:29:30Z,xrp,coingecko,1.4,usd
2026-09-19T22:29:30Z,btc,coingecko,81044,usd
2026-09-19T22:29:40Z,doge,coingecko,0.087046,usd
2026-09-19T22:29:40Z,marscoin,coingecko,0.07467,usd
2026-09-19T22:29:40Z,mcat,coingecko,0.836221,usd
2026-09-19T22:29:20Z,ai2,coingecko,0.270151,usd
2026-09-19T22:29:20Z,trump,coingecko,0.00000405,usd
2026-09-19T22:44:00Z,xrp,coingecko,1.41,usd
2026-09-19T22:44:10Z,btc,coingecko,81193,usd
2026-09-19T22:44:00Z,doge,coingecko,0.087574,usd
2026-09-19T22:44:10Z,marscoin,coingecko,0.074664,usd
2026-09-19T22:44:10Z,mcat,coingecko,0.838506,usd
2026-09-19T22:44:10Z,ai2,coingecko,0.26982,usd
2026-09-19T22:44:10Z,trump,coingecko,0.00000409,usd
2026-09-19T22:59:50Z,xrp,coingecko,1.42,usd
2026-09-19T22:59:50Z,btc,coingecko,81227,usd
2026-09-19T22:59:30Z,doge,coingecko,0.087802,usd
2026-09-19T22:59:50Z,marscoin,coingecko,0.074703,usd
2026-09-19T22:59:50Z,mcat,coingecko,0.837527,usd
2026-09-19T22:59:50Z,ai2,coingecko,0.267701,usd
2026-09-19T22:59:50Z,trump,coingecko,0.00000411,usd
2026-09-19T23:14:00Z,xrp,coingecko,1.41,usd
2026-09-19T23:14:20Z,btc,coingecko,81243,usd
2026-09-19T23:14:20Z,doge,coingecko,0.087931,usd
2026-09-19T23:14:20Z,marscoin,coingecko,0.074693,usd
2026-09-19T23:14:20Z,mcat,coingecko,0.828991,usd
2026-09-19T23:14:20Z,ai2,coingecko,0.261435,usd
2026-09-19T23:14:00Z,trump,coingecko,0.00000414,usd
2026-09-19T23:29:30Z,xrp,coingecko,1.41,usd
2026-09-19T23:29:30Z,btc,coingecko,81248,usd
2026-09-19T23:29:40Z,doge,coingecko,0.087767,usd
2026-09-19T23:29:50Z,marscoin,coingecko,0.074665,usd
2026-09-19T23:29:50Z,mcat,coingecko,0.830155,usd
2026-09-19T23:29:50Z,ai2,coingecko,0.263051,usd
2026-09-19T23:29:30Z,trump,coingecko,0.00000413,usd
2026-09-19T23:36:40Z,xrp,coingecko,1.41,usd
2026-09-19T23:36:40Z,btc,coingecko,81324,usd
2026-09-19T23:36:40Z,doge,coingecko,0.087818,usd
2026-09-19T23:36:50Z,marscoin,coingecko,0.074677,usd
2026-09-19T23:36:50Z,mcat,coingecko,0.835153,usd
2026-09-19T23:36:50Z,ai2,coingecko,0.260409,usd
2026-09-19T23:36:40Z,trump,coingecko,0.00000413,usd
2026-09-19T23:44:20Z,xrp,coingecko,1.41,usd
2026-09-19T23:44:00Z,btc,coingecko,81251,usd
2026-09-19T23:43:50Z,doge,coingecko,0.087821,usd
2026-09-19T23:44:30Z,marscoin,coingecko,0.074666,usd
2026-09-19T23:44:30Z,mcat,coingecko,0.835683,usd
2026-09-19T23:44:00Z,ai2,coingecko,0.264664,usd
2026-09-19T23:44:30Z,trump,coingecko,0.00000412,usd
2026-09-19T23:59:40Z,xrp,coingecko,1.41,usd
2026-09-19T23:59:40Z,btc,coingecko,81246,usd
2026-09-19T23:59:50Z,doge,coingecko,0.0877,usd
2026-09-19T23:59:50Z,marscoin,coingecko,0.074659,usd
2026-09-19T23:59:50Z,mcat,coingecko,0.829822,usd
2026-09-19T23:59:50Z,ai2,coingecko,0.261313,usd
2026-09-19T23:59:50Z,trump,coingecko,0.00000411,usd
2026-09-20T00:14:10Z,xrp,coingecko,1.41,usd
2026-09-20T00:14:20Z,btc,coingecko,81252,usd
2026-09-20T00:14:20Z,doge,coingecko,0.087606,usd
2026-09-20T00:14:20Z,marscoin,coingecko,0.074668,usd
2026-09-20T00:14:10Z,mcat,coingecko,0.810916,usd
2026-09-20T00:14:00Z,ai2,coingecko,0.251171,usd
2026-09-20T00:14:00Z,trump,coingecko,0.0000041,usd
2026-09-20T00:29:40Z,xrp,coingecko,1.4,usd
2026-09-20T00:29:40Z,btc,coingecko,81281,usd
2026-09-20T00:29:20Z,doge,coingecko,0.087569,usd
2026-09-20T00:29:40Z,marscoin,coingecko,0.074666,usd
2026-09-20T00:29:40Z,mcat,coingecko,0.79972,usd
2026-09-20T00:29:40Z,ai2,coingecko,0.258629,usd
2026-09-20T00:29:20Z,trump,coingecko,0.00000411,usd
2026-09-20T00:44:10Z,xrp,coingecko,1.41,usd
2026-09-20T00:44:10Z,btc,coingecko,81285,usd
2026-09-20T00:44:20Z,doge,coingecko,0.087761,usd
2026-09-20T00:44:20Z,marscoin,coingecko,0.074674,usd
2026-09-20T00:44:20Z,mcat,coingecko,0.789014,usd
2026-09-20T00:44:20Z,ai2,coingecko,0.266622,usd
2026-09-20T00:44:20Z,trump,coingecko,0.00000413,usd
2026-09-20T00:59:30Z,xrp,coingecko,1.4,usd
2026-09-20T00:59:50Z,btc,coingecko,81254,usd
2026-09-20T00:59:50Z,doge,coingecko,0.087463,usd
2026-09-20T00:59:50Z,marscoin,coingecko,0.074659,usd
2026-09-20T00:59:50Z,mcat,coingecko,0.782892,usd
2026-09-20T00:59:50Z,ai2,coingecko,0.271533,usd
2026-09-20T00:59:50Z,trump,coingecko,0.00000413,usd
2026-09-20T01:14:20Z,xrp,coingecko,1.4,usd
2026-09-20T01:14:20Z,btc,coingecko,81133,usd
2026-09-20T01:14:30Z,doge,coingecko,0.087134,usd
2026-09-20T01:14:30Z,marscoin,coingecko,0.074672,usd
2026-09-20T01:14:20Z,mcat,coingecko,0.699131,usd
2026-09-20T01:14:20Z,ai2,coingecko,0.269108,usd
2026-09-20T01:14:20Z,trump,coingecko,0.00000406,usd
2026-09-20T01:29:40Z,xrp,coingecko,1.4,usd
2026-09-20T01:29:40Z,btc,coingecko,81112,usd
2026-09-20T01:29:20Z,doge,coingecko,0.087038,usd
2026-09-20T01:29:40Z,marscoin,coingecko,0.07465,usd
2026-09-20T01:29:40Z,mcat,coingecko,0.69504,usd
2026-09-20T01:29:20Z,ai2,coingecko,0.26985,usd
2026-09-20T01:29:30Z,trump,coingecko,0.00000404,usd
2026-09-20T01:41:50Z,xrp,coingecko,1.4,usd
2026-09-20T01:42:10Z,btc,coingecko,81084,usd
2026-09-20T01:41:50Z,doge,coingecko,0.087015,usd
2026-09-20T01:42:00Z,marscoin,coingecko,0.074664,usd
2026-09-20T01:42:00Z,mcat,coingecko,0.688952,usd
2026-09-20T01:42:00Z,ai2,coingecko,0.269156,usd
2026-09-20T01:42:00Z,trump,coingecko,0.00000404,usd
2026-09-20T01:59:50Z,xrp,coingecko,1.4,usd
2026-09-20T01:59:50Z,btc,coingecko,81060,usd
2026-09-20T01:59:40Z,doge,coingecko,0.087126,usd
2026-09-20T01:59:50Z,marscoin,coingecko,0.07468,usd
2026-09-20T01:59:50Z,mcat,coingecko,0.689683,usd
2026-09-20T01:59:20Z,ai2,coingecko,0.268405,usd
2026-09-20T01:59:50Z,trump,coingecko,0.00000406,usd
2026-09-20T02:14:20Z,xrp,coingecko,1.4,usd
2026-09-20T02:14:10Z,btc,coingecko,81102,usd
2026-09-20T02:14:10Z,doge,coingecko,0.0874,usd
2026-09-20T02:14:30Z,marscoin,coingecko,0.074715,usd
2026-09-20T02:14:20Z,mcat,coingecko,0.683757,usd
2026-09-20T02:14:20Z,ai2,coingecko,0.269532,usd
2026-09-20T02:14:10Z,trump,coingecko,0.00000406,usd
2026-09-20T02:29:30Z,xrp,coingecko,1.4,usd
2026-09-20T02:29:40Z,btc,coingecko,80961,usd
2026-09-20T02:29:40Z,doge,coingecko,0.086962,usd
2026-09-20T02:29:40Z,marscoin,coingecko,0.074702,usd
2026-09-20T02:29:40Z,mcat,coingecko,0.698284,usd
2026-09-20T02:29:20Z,ai2,coingecko,0.266366,usd
2026-09-20T02:29:40Z,trump,coingecko,0.00000401,usd
2026-09-20T02:44:30Z,xrp,coingecko,1.39,usd
2026-09-20T02:44:10Z,btc,coingecko,80722,usd
2026-09-20T02:44:30Z,doge,coingecko,0.0863,usd
2026-09-20T02:44:30Z,marscoin,coingecko,0.074676,usd
2026-09-20T02:44:30Z,mcat,coingecko,0.733336,usd
2026-09-20T02:44:30Z,ai2,coingecko,0.266915,usd
2026-09-20T02:44:20Z,trump,coingecko,0.00000399,usd
2026-09-20T02:59:30Z,xrp,coingecko,1.37,usd
2026-09-20T02:59:40Z,btc,coingecko,80287,usd
2026-09-20T02:59:30Z,doge,coingecko,0.085268,usd
2026-09-20T02:59:50Z,marscoin,coingecko,0.074603,usd
2026-09-20T02:59:50Z,mcat,coingecko,0.731397,usd
2026-09-20T02:59:50Z,ai2,coingecko,0.262012,usd
2026-09-20T02:59:50Z,trump,coingecko,0.00000393,usd
2026-09-20T03:14:20Z,xrp,coingecko,1.37,usd
2026-09-20T03:14:30Z,btc,coingecko,80295,usd
2026-09-20T03:14:10Z,doge,coingecko,0.085514,usd
2026-09-20T03:14:30Z,marscoin,coingecko,0.074621,usd
2026-09-20T03:14:20Z,mcat,coingecko,0.736002,usd
2026-09-20T03:14:20Z,ai2,coingecko,0.260992,usd
2026-09-20T03:14:10Z,trump,coingecko,0.00000394,usd
2026-09-20T03:29:40Z,xrp,coingecko,1.38,usd
2026-09-20T03:29:40Z,btc,coingecko,80379,usd
2026-09-20T03:29:40Z,doge,coingecko,0.085703,usd
2026-09-20T03:29:40Z,marscoin,coingecko,0.074622,usd
2026-09-20T03:29:40Z,mcat,coingecko,0.725361,usd
2026-09-20T03:29:40Z,ai2,coingecko,0.25804,usd
2026-09-20T03:29:40Z,trump,coingecko,0.00000395,usd
2026-09-20T03:44:10Z,xrp,coingecko,1.38,usd
2026-09-20T03:44:10Z,btc,coingecko,80292,usd
2026-09-20T03:44:10Z,doge,coingecko,0.085422,usd
2026-09-20T03:44:30Z,marscoin,coingecko,0.074627,usd
2026-09-20T03:44:30Z,mcat,coingecko,0.727365,usd
2026-09-20T03:44:30Z,ai2,coingecko,0.258768,usd
2026-09-20T03:44:10Z,trump,coingecko,0.00000396,usd
2026-09-20T03:59:30Z,xrp,coingecko,1.38,usd
2026-09-20T03:59:30Z,btc,coingecko,80460,usd
2026-09-20T03:59:50Z,doge,coingecko,0.085771,usd
2026-09-20T03:59:50Z,marscoin,coingecko,0.074644,usd
2026-09-20T03:59:50Z,mcat,coingecko,0.71968,usd
2026-09-20T03:59:50Z,ai2,coingecko,0.255125,usd
2026-09-20T03:59:30Z,trump,coingecko,0.00000403,usd
2026-09-20T04:14:20Z,xrp,coingecko,1.38,usd
2026-09-20T04:14:20Z,btc,coingecko,80378,usd
2026-09-20T04:14:20Z,doge,coingecko,0.085433,usd
2026-09-20T04:14:30Z,marscoin,coingecko,0.074626,usd
2026-09-20T04:14:20Z,mcat,coingecko,0.719318,usd
2026-09-20T04:14:20Z,ai2,coingecko,0.25829,usd
2026-09-20T04:14:30Z,trump,coingecko,0.00000401,usd
2026-09-20T04:29:40Z,xrp,coingecko,1.38,usd
2026-09-20T04:29:40Z,btc,coingecko,80402,usd
2026-09-20T04:29:40Z,doge,coingecko,0.08545,usd
2026-09-20T04:29:50Z,marscoin,coingecko,0.074634,usd
2026-09-20T04:29:50Z,mcat,coingecko,0.717939,usd
2026-09-20T04:29:20Z,ai2,coingecko,0.256608,usd
2026-09-20T04:29:30Z,trump,coingecko,0.00000401,usd
2026-09-20T04:44:10Z,xrp,coingecko,1.38,usd
2026-09-20T04:44:20Z,btc,coingecko,80373,usd
2026-09-20T04:44:10Z,doge,coingecko,0.085479,usd
2026-09-20T04:44:30Z,marscoin,coingecko,0.074651,usd
2026-09-20T04:44:30Z,mcat,coingecko,0.71465,usd
2026-09-20T04:44:30Z,ai2,coingecko,0.256473,usd
2026-09-20T04:44:20Z,trump,coingecko,0.00000399,usd
2026-09-20T04:59:40Z,xrp,coingecko,1.38,usd
2026-09-20T04:59:50Z,btc,coingecko,80403,usd
2026-09-20T04:59:40Z,doge,coingecko,0.085459,usd
2026-09-20T04:59:50Z,marscoin,coingecko,0.074649,usd
2026-09-20T04:59:50Z,mcat,coingecko,0.716473,usd
2026-09-20T04:59:50Z,ai2,coingecko,0.256266,usd
2026-09-20T04:59:50Z,trump,coingecko,0.00000401,usd
2026-09-20T05:14:10Z,xrp,coingecko,1.38,usd
2026-09-20T05:14:10Z,btc,coingecko,80563,usd
2026-09-20T05:14:10Z,doge,coingecko,0.085513,usd
2026-09-20T05:14:20Z,marscoin,coingecko,0.074656,usd
2026-09-20T05:14:20Z,mcat,coingecko,0.72244,usd
2026-09-20T05:14:20Z,ai2,coingecko,0.256252,usd
2026-09-20T05:14:20Z,trump,coingecko,0.00000401,usd
2026-09-20T05:29:50Z,xrp,coingecko,1.38,usd
2026-09-20T05:29:30Z,btc,coingecko,80500,usd
2026-09-20T05:29:40Z,doge,coingecko,0.085298,usd
2026-09-20T05:29:50Z,marscoin,coingecko,0.074667,usd
2026-09-20T05:29:50Z,mcat,coingecko,0.7274,usd
2026-09-20T05:29:50Z,ai2,coingecko,0.256354,usd
2026-09-20T05:29:50Z,trump,coingecko,0.000004,usd
2026-09-20T05:44:10Z,xrp,coingecko,1.38,usd
2026-09-20T05:44:10Z,btc,coingecko,80469,usd
2026-09-20T05:44:10Z,doge,coingecko,0.08522,usd
2026-09-20T05:44:20Z,marscoin,coingecko,0.074658,usd
2026-09-20T05:44:20Z,mcat,coingecko,0.726893,usd
2026-09-20T05:44:20Z,ai2,coingecko,0.258239,usd
2026-09-20T05:44:20Z,trump,coingecko,0.00000401,usd
2026-09-20T05:59:40Z,xrp,coingecko,1.38,usd
2026-09-20T05:59:40Z,btc,coingecko,80468,usd
2026-09-20T05:59:40Z,doge,coingecko,0.085372,usd
2026-09-20T05:59:50Z,marscoin,coingecko,0.074457,usd
2026-09-20T05:59:50Z,mcat,coingecko,0.727918,usd
2026-09-20T05:59:50Z,ai2,coingecko,0.253704,usd
2026-09-20T05:59:50Z,trump,coingecko,0.00000402,usd
2026-09-20T06:14:00Z,xrp,coingecko,1.38,usd
2026-09-20T06:14:20Z,btc,coingecko,80464,usd
2026-09-20T06:14:20Z,doge,coingecko,0.085321,usd
2026-09-20T06:14:20Z,marscoin,coingecko,0.074459,usd
2026-09-20T06:14:10Z,mcat,coingecko,0.711916,usd
2026-09-20T06:14:00Z,ai2,coingecko,0.247606,usd
2026-09-20T06:14:00Z,trump,coingecko,0.000004,usd
2026-09-20T06:29:40Z,xrp,coingecko,1.38,usd
2026-09-20T06:29:20Z,btc,coingecko,80448,usd
2026-09-20T06:29:40Z,doge,coingecko,0.085341,usd
2026-09-20T06:29:50Z,marscoin,coingecko,0.074444,usd
2026-09-20T06:29:50Z,mcat,coingecko,0.707781,usd
2026-09-20T06:29:50Z,ai2,coingecko,0.248308,usd
2026-09-20T06:29:20Z,trump,coingecko,0.000004,usd
2026-09-20T06:44:20Z,xrp,coingecko,1.38,usd
2026-09-20T06:44:20Z,btc,coingecko,80323,usd
2026-09-20T06:44:00Z,doge,coingecko,0.084927,usd
2026-09-20T06:44:30Z,marscoin,coingecko,0.074427,usd
2026-09-20T06:44:30Z,mcat,coingecko,0.703178,usd
2026-09-20T06:44:30Z,ai2,coingecko,0.24416,usd
2026-09-20T06:44:30Z,trump,coingecko,0.00000398,usd
2026-09-20T06:59:40Z,xrp,coingecko,1.38,usd
2026-09-20T06:59:40Z,btc,coingecko,80280,usd
2026-09-20T06:59:40Z,doge,coingecko,0.085045,usd
2026-09-20T06:59:50Z,marscoin,coingecko,0.074438,usd
2026-09-20T06:59:50Z,mcat,coingecko,0.700212,usd
2026-09-20T06:59:50Z,ai2,coingecko,0.244671,usd
2026-09-20T06:59:40Z,trump,coingecko,0.000004,usd
2026-09-20T07:04:30Z,xrp,coingecko,1.38,usd
2026-09-20T07:04:10Z,btc,coingecko,80312,usd
2026-09-20T07:04:30Z,doge,coingecko,0.085189,usd
2026-09-20T07:04:40Z,marscoin,coingecko,0.074441,usd
2026-09-20T07:04:30Z,mcat,coingecko,0.701287,usd
2026-09-20T07:04:30Z,ai2,coingecko,0.248363,usd
2026-09-20T07:04:40Z,trump,coingecko,0.00000401,usd
2026-09-20T07:14:10Z,xrp,coingecko,1.38,usd
2026-09-20T07:14:10Z,btc,coingecko,80313,usd
2026-09-20T07:14:10Z,doge,coingecko,0.085277,usd
2026-09-20T07:14:30Z,marscoin,coingecko,0.074455,usd
2026-09-20T07:14:30Z,mcat,coingecko,0.690182,usd
2026-09-20T07:14:30Z,ai2,coingecko,0.248555,usd
2026-09-20T07:14:10Z,trump,coingecko,0.000004,usd
2026-09-20T07:29:50Z,xrp,coingecko,1.38,usd
2026-09-20T07:29:50Z,btc,coingecko,80362,usd
2026-09-20T07:29:50Z,doge,coingecko,0.085207,usd
2026-09-20T07:29:50Z,marscoin,coingecko,0.074486,usd
2026-09-20T07:29:40Z,mcat,coingecko,0.693397,usd
2026-09-20T07:29:30Z,ai2,coingecko,0.247262,usd
2026-09-20T07:29:30Z,trump,coingecko,0.00000401,usd
2026-09-20T07:44:20Z,xrp,coingecko,1.38,usd
2026-09-20T07:44:00Z,btc,coingecko,80296,usd
2026-09-20T07:44:20Z,doge,coingecko,0.085115,usd
2026-09-20T07:44:20Z,marscoin,coingecko,0.074503,usd
2026-09-20T07:44:20Z,mcat,coingecko,0.686865,usd
2026-09-20T07:44:20Z,ai2,coingecko,0.247999,usd
2026-09-20T07:44:20Z,trump,coingecko,0.000004,usd
2026-09-20T07:59:50Z,xrp,coingecko,1.38,usd
2026-09-20T07:59:20Z,btc,coingecko,80305,usd
2026-09-20T07:59:50Z,doge,coingecko,0.08486,usd
2026-09-20T07:59:50Z,marscoin,coingecko,0.074544,usd
2026-09-20T07:59:50Z,mcat,coingecko,0.666697,usd
2026-09-20T07:59:50Z,ai2,coingecko,0.245924,usd
2026-09-20T07:59:50Z,trump,coingecko,0.00000399,usd
2026-09-20T08:14:20Z,xrp,coingecko,1.38,usd
2026-09-20T08:14:10Z,btc,coingecko,80399,usd
2026-09-20T08:14:00Z,doge,coingecko,0.085105,usd
2026-09-20T08:14:30Z,marscoin,coingecko,0.074607,usd
2026-09-20T08:14:30Z,mcat,coingecko,0.663867,usd
2026-09-20T08:14:30Z,ai2,coingecko,0.233201,usd
2026-09-20T08:14:30Z,trump,coingecko,0.00000401,usd
2026-09-20T08:29:40Z,xrp,coingecko,1.38,usd
2026-09-20T08:29:40Z,btc,coingecko,80348,usd
2026-09-20T08:29:40Z,doge,coingecko,0.08494,usd
2026-09-20T08:29:40Z,marscoin,coingecko,0.074545,usd
2026-09-20T08:29:30Z,mcat,coingecko,0.661502,usd
2026-09-20T08:29:30Z,ai2,coingecko,0.239077,usd
2026-09-20T08:29:30Z,trump,coingecko,0.000004,usd
2026-09-20T08:44:20Z,xrp,coingecko,1.38,usd
2026-09-20T08:44:10Z,btc,coingecko,80238,usd
2026-09-20T08:44:20Z,doge,coingecko,0.084689,usd
2026-09-20T08:44:20Z,marscoin,coingecko,0.074533,usd
2026-09-20T08:44:00Z,mcat,coingecko,0.64274,usd
2026-09-20T08:44:10Z,ai2,coingecko,0.238064,usd
2026-09-20T08:44:00Z,trump,coingecko,0.00000397,usd
2026-09-20T08:59:30Z,xrp,coingecko,1.38,usd
2026-09-20T08:59:50Z,btc,coingecko,80231,usd
2026-09-20T08:59:40Z,doge,coingecko,0.084748,usd
2026-09-20T08:59:50Z,marscoin,coingecko,0.074518,usd
2026-09-20T08:59:50Z,mcat,coingecko,0.618743,usd
2026-09-20T08:59:50Z,ai2,coingecko,0.239313,usd
2026-09-20T08:59:50Z,trump,coingecko,0.00000397,usd
2026-09-20T09:14:20Z,xrp,coingecko,1.38,usd
2026-09-20T09:14:10Z,btc,coingecko,80253,usd
2026-09-20T09:14:10Z,doge,coingecko,0.084819,usd
2026-09-20T09:14:30Z,marscoin,coingecko,0.074523,usd
2026-09-20T09:14:30Z,mcat,coingecko,0.642825,usd
2026-09-20T09:14:30Z,ai2,coingecko,0.241341,usd
2026-09-20T09:14:30Z,trump,coingecko,0.00000397,usd
2026-09-20T09:29:20Z,xrp,coingecko,1.38,usd
2026-09-20T09:29:20Z,btc,coingecko,80361,usd
2026-09-20T09:29:40Z,doge,coingecko,0.084979,usd
2026-09-20T09:29:40Z,marscoin,coingecko,0.07453,usd
2026-09-20T09:29:20Z,mcat,coingecko,0.623048,usd
2026-09-20T09:29:40Z,ai2,coingecko,0.243755,usd
2026-09-20T09:29:30Z,trump,coingecko,0.00000397,usd
2026-09-20T09:44:30Z,xrp,coingecko,1.39,usd
2026-09-20T09:44:20Z,btc,coingecko,80508,usd
2026-09-20T09:44:20Z,doge,coingecko,0.085263,usd
2026-09-20T09:44:30Z,marscoin,coingecko,0.074525,usd
2026-09-20T09:44:30Z,mcat,coingecko,0.618709,usd
2026-09-20T09:44:30Z,ai2,coingecko,0.245976,usd
2026-09-20T09:44:20Z,trump,coingecko,0.000004,usd
2026-09-20T09:59:30Z,xrp,coingecko,1.38,usd
2026-09-20T09:59:50Z,btc,coingecko,80441,usd
2026-09-20T09:59:50Z,doge,coingecko,0.084932,usd
2026-09-20T09:59:50Z,marscoin,coingecko,0.074536,usd
2026-09-20T09:59:50Z,mcat,coingecko,0.6271,usd
2026-09-20T09:59:50Z,ai2,coingecko,0.246221,usd
2026-09-20T09:59:50Z,trump,coingecko,0.00000395,usd
2026-09-20T10:14:30Z,xrp,coingecko,1.38,usd
2026-09-20T10:14:10Z,btc,coingecko,80317,usd
2026-09-20T10:14:10Z,doge,coingecko,0.084552,usd
2026-09-20T10:14:30Z,marscoin,coingecko,0.07456,usd
2026-09-20T10:14:30Z,mcat,coingecko,0.629714,usd
2026-09-20T10:14:30Z,ai2,coingecko,0.248183,usd
2026-09-20T10:14:10Z,trump,coingecko,0.00000393,usd
2026-09-20T10:29:20Z,xrp,coingecko,1.38,usd
2026-09-20T10:29:30Z,btc,coingecko,80315,usd
2026-09-20T10:29:40Z,doge,coingecko,0.084613,usd
2026-09-20T10:29:40Z,marscoin,coingecko,0.074579,usd
2026-09-20T10:29:40Z,mcat,coingecko,0.637509,usd
2026-09-20T10:29:40Z,ai2,coingecko,0.247792,usd
2026-09-20T10:29:30Z,trump,coingecko,0.00000393,usd
2026-09-20T10:44:00Z,xrp,coingecko,1.38,usd
2026-09-20T10:44:20Z,btc,coingecko,80321,usd
2026-09-20T10:44:20Z,doge,coingecko,0.084609,usd
2026-09-20T10:44:20Z,marscoin,coingecko,0.074573,usd
2026-09-20T10:44:10Z,mcat,coingecko,0.634266,usd
2026-09-20T10:44:00Z,ai2,coingecko,0.245842,usd
2026-09-20T10:44:20Z,trump,coingecko,0.00000393,usd
2026-09-20T10:59:40Z,xrp,coingecko,1.38,usd
2026-09-20T10:59:30Z,btc,coingecko,80298,usd
2026-09-20T10:59:30Z,doge,coingecko,0.084681,usd
2026-09-20T10:59:50Z,marscoin,coingecko,0.074267,usd
2026-09-20T10:59:40Z,mcat,coingecko,0.63502,usd
2026-09-20T10:59:40Z,ai2,coingecko,0.246638,usd
2026-09-20T10:59:40Z,trump,coingecko,0.00000393,usd
2026-09-20T11:14:10Z,xrp,coingecko,1.37,usd
2026-09-20T11:14:10Z,btc,coingecko,80327,usd
2026-09-20T11:14:10Z,doge,coingecko,0.084673,usd
2026-09-20T11:14:30Z,marscoin,coingecko,0.074266,usd
2026-09-20T11:14:30Z,mcat,coingecko,0.633891,usd
2026-09-20T11:14:30Z,ai2,coingecko,0.243126,usd
2026-09-20T11:14:30Z,trump,coingecko,0.00000393,usd
2026-09-20T11:29:40Z,xrp,coingecko,1.38,usd
2026-09-20T11:29:10Z,btc,coingecko,80326,usd
2026-09-20T11:29:40Z,doge,coingecko,0.084812,usd
2026-09-20T11:29:40Z,marscoin,coingecko,0.074236,usd
2026-09-20T11:29:40Z,mcat,coingecko,0.629914,usd
2026-09-20T11:29:40Z,ai2,coingecko,0.242817,usd
2026-09-20T11:29:30Z,trump,coingecko,0.00000393,usd
2026-09-20T11:44:20Z,xrp,coingecko,1.38,usd
2026-09-20T11:44:00Z,btc,coingecko,80417,usd
2026-09-20T11:44:00Z,doge,coingecko,0.084919,usd
2026-09-20T11:44:20Z,marscoin,coingecko,0.074234,usd
2026-09-20T11:44:20Z,mcat,coingecko,0.591976,usd
2026-09-20T11:44:20Z,ai2,coingecko,0.243568,usd
2026-09-20T11:44:20Z,trump,coingecko,0.00000393,usd
2026-09-20T11:59:50Z,xrp,coingecko,1.38,usd
2026-09-20T11:59:40Z,btc,coingecko,80450,usd
2026-09-20T11:59:50Z,doge,coingecko,0.085112,usd
2026-09-20T11:59:50Z,marscoin,coingecko,0.074244,usd
2026-09-20T11:59:50Z,mcat,coingecko,0.540587,usd
2026-09-20T11:59:50Z,ai2,coingecko,0.242992,usd
2026-09-20T11:59:50Z,trump,coingecko,0.00000396,usd
2026-09-20T12:14:20Z,xrp,coingecko,1.38,usd
2026-09-20T12:14:10Z,btc,coingecko,80446,usd
2026-09-20T12:14:20Z,doge,coingecko,0.085243,usd
2026-09-20T12:14:20Z,marscoin,coingecko,0.074246,usd
2026-09-20T12:14:20Z,mcat,coingecko,0.52392,usd
2026-09-20T12:14:20Z,ai2,coingecko,0.243108,usd
2026-09-20T12:14:20Z,trump,coingecko,0.00000397,usd
2026-09-20T12:15:40Z,xrp,coingecko,1.38,usd
2026-09-20T12:15:40Z,btc,coingecko,80450,usd
2026-09-20T12:15:40Z,doge,coingecko,0.085195,usd
2026-09-20T12:15:40Z,marscoin,coingecko,0.074247,usd
2026-09-20T12:15:40Z,mcat,coingecko,0.522187,usd
2026-09-20T12:15:40Z,ai2,coingecko,0.243776,usd
2026-09-20T12:15:20Z,trump,coingecko,0.00000397,usd
2026-09-20T12:29:30Z,xrp,coingecko,1.38,usd
2026-09-20T12:29:50Z,btc,coingecko,80337,usd
2026-09-20T12:29:40Z,doge,coingecko,0.084892,usd
2026-09-20T12:29:40Z,marscoin,coingecko,0.074246,usd
2026-09-20T12:29:30Z,mcat,coingecko,0.513655,usd
2026-09-20T12:29:30Z,ai2,coingecko,0.2439,usd
2026-09-20T12:29:40Z,trump,coingecko,0.00000395,usd
2026-09-20T12:44:20Z,xrp,coingecko,1.38,usd
2026-09-20T12:44:20Z,btc,coingecko,80328,usd
2026-09-20T12:44:20Z,doge,coingecko,0.084932,usd
2026-09-20T12:44:20Z,marscoin,coingecko,0.074249,usd
2026-09-20T12:44:20Z,mcat,coingecko,0.519912,usd
2026-09-20T12:44:20Z,ai2,coingecko,0.241441,usd
2026-09-20T12:44:20Z,trump,coingecko,0.00000396,usd
2026-09-20T12:59:40Z,xrp,coingecko,1.38,usd
2026-09-20T12:59:30Z,btc,coingecko,80419,usd
2026-09-20T12:59:30Z,doge,coingecko,0.085012,usd
2026-09-20T12:59:50Z,marscoin,coingecko,0.074248,usd
2026-09-20T12:59:50Z,mcat,coingecko,0.483071,usd
2026-09-20T12:59:50Z,ai2,coingecko,0.240992,usd
2026-09-20T12:59:50Z,trump,coingecko,0.00000398,usd
2026-09-20T13:14:10Z,xrp,coingecko,1.38,usd
2026-09-20T13:14:30Z,btc,coingecko,80533,usd
2026-09-20T13:14:10Z,doge,coingecko,0.085031,usd
2026-09-20T13:14:30Z,marscoin,coingecko,0.074226,usd
2026-09-20T13:14:30Z,mcat,coingecko,0.473124,usd
2026-09-20T13:14:30Z,ai2,coingecko,0.2404,usd
2026-09-20T13:14:10Z,trump,coingecko,0.00000396,usd
2026-09-20T13:29:20Z,xrp,coingecko,1.38,usd
2026-09-20T13:29:30Z,btc,coingecko,80495,usd
2026-09-20T13:29:30Z,doge,coingecko,0.084978,usd
2026-09-20T13:29:40Z,marscoin,coingecko,0.074215,usd
2026-09-20T13:29:20Z,mcat,coingecko,0.472976,usd
2026-09-20T13:29:20Z,ai2,coingecko,0.242504,usd
2026-09-20T13:29:20Z,trump,coingecko,0.00000396,usd
2026-09-20T13:44:10Z,xrp,coingecko,1.38,usd
2026-09-20T13:44:10Z,btc,coingecko,80488,usd
2026-09-20T13:44:10Z,doge,coingecko,0.084851,usd
2026-09-20T13:44:20Z,marscoin,coingecko,0.074415,usd
2026-09-20T13:44:00Z,mcat,coingecko,0.458775,usd
2026-09-20T13:44:00Z,ai2,coingecko,0.248485,usd
2026-09-20T13:44:20Z,trump,coingecko,0.00000394,usd
2026-09-20T13:59:30Z,xrp,coingecko,1.38,usd
2026-09-20T13:59:50Z,btc,coingecko,80532,usd
2026-09-20T13:59:30Z,doge,coingecko,0.084924,usd
2026-09-20T13:59:50Z,marscoin,coingecko,0.074481,usd
2026-09-20T13:59:50Z,mcat,coingecko,0.497461,usd
2026-09-20T13:59:50Z,ai2,coingecko,0.251289,usd
2026-09-20T13:59:30Z,trump,coingecko,0.00000394,usd
2026-09-20T14:14:20Z,xrp,coingecko,1.38,usd
2026-09-20T14:14:10Z,btc,coingecko,80562,usd
2026-09-20T14:14:20Z,doge,coingecko,0.085037,usd
2026-09-20T14:14:30Z,marscoin,coingecko,0.074463,usd
2026-09-20T14:14:30Z,mcat,coingecko,0.47842,usd
2026-09-20T14:14:30Z,ai2,coingecko,0.254179,usd
2026-09-20T14:14:30Z,trump,coingecko,0.00000394,usd
2026-09-20T14:29:40Z,xrp,coingecko,1.38,usd
2026-09-20T14:29:40Z,btc,coingecko,80505,usd
2026-09-20T14:29:40Z,doge,coingecko,0.084927,usd
2026-09-20T14:29:40Z,marscoin,coingecko,0.074438,usd
2026-09-20T14:29:40Z,mcat,coingecko,0.479633,usd
2026-09-20T14:29:40Z,ai2,coingecko,0.254845,usd
2026-09-20T14:29:20Z,trump,coingecko,0.0000039,usd
2026-09-20T14:44:20Z,xrp,coingecko,1.38,usd
2026-09-20T14:44:00Z,btc,coingecko,80606,usd
2026-09-20T14:44:00Z,doge,coingecko,0.085201,usd
2026-09-20T14:44:20Z,marscoin,coingecko,0.074399,usd
2026-09-20T14:44:20Z,mcat,coingecko,0.473137,usd
2026-09-20T14:44:20Z,ai2,coingecko,0.25385,usd
2026-09-20T14:44:20Z,trump,coingecko,0.0000039,usd
2026-09-20T14:59:50Z,xrp,coingecko,1.38,usd
2026-09-20T14:59:50Z,btc,coingecko,80652,usd
2026-09-20T15:00:00Z,doge,coingecko,0.085092,usd
2026-09-20T15:00:00Z,marscoin,coingecko,0.074356,usd
2026-09-20T15:00:00Z,mcat,coingecko,0.472155,usd
2026-09-20T15:00:00Z,ai2,coingecko,0.254504,usd
2026-09-20T14:59:40Z,trump,coingecko,0.00000389,usd
2026-09-20T15:14:10Z,xrp,coingecko,1.38,usd
2026-09-20T15:14:20Z,btc,coingecko,80750,usd
2026-09-20T15:14:10Z,doge,coingecko,0.085445,usd
2026-09-20T15:14:20Z,marscoin,coingecko,0.074346,usd
2026-09-20T15:14:20Z,mcat,coingecko,0.483705,usd
2026-09-20T15:14:20Z,ai2,coingecko,0.259402,usd
2026-09-20T15:14:10Z,trump,coingecko,0.00000393,usd
2026-09-20T15:30:10Z,xrp,coingecko,1.38,usd
2026-09-20T15:29:50Z,btc,coingecko,80665,usd
2026-09-20T15:30:10Z,doge,coingecko,0.085464,usd
2026-09-20T15:30:20Z,marscoin,coingecko,0.074329,usd
2026-09-20T15:30:20Z,mcat,coingecko,0.548072,usd
2026-09-20T15:30:20Z,ai2,coingecko,0.260194,usd
2026-09-20T15:30:10Z,trump,coingecko,0.00000395,usd
2026-09-20T15:44:20Z,xrp,coingecko,1.39,usd
2026-09-20T15:44:20Z,btc,coingecko,80806,usd
2026-09-20T15:44:20Z,doge,coingecko,0.085516,usd
2026-09-20T15:44:30Z,marscoin,coingecko,0.074332,usd
2026-09-20T15:44:10Z,mcat,coingecko,0.56695,usd
2026-09-20T15:44:10Z,ai2,coingecko,0.264038,usd
2026-09-20T15:44:20Z,trump,coingecko,0.00000395,usd
2026-09-20T15:59:30Z,xrp,coingecko,1.39,usd
2026-09-20T15:59:50Z,btc,coingecko,80892,usd
2026-09-20T15:59:30Z,doge,coingecko,0.085801,usd
2026-09-20T15:59:50Z,marscoin,coingecko,0.074317,usd
2026-09-20T15:59:50Z,mcat,coingecko,0.578176,usd
2026-09-20T15:59:50Z,ai2,coingecko,0.265968,usd
2026-09-20T15:59:40Z,trump,coingecko,0.00000396,usd
2026-09-20T16:13:40Z,xrp,coingecko,1.4,usd
2026-09-20T16:13:40Z,btc,coingecko,81105,usd
2026-09-20T16:13:40Z,doge,coingecko,0.086291,usd
2026-09-20T16:13:40Z,marscoin,coingecko,0.07433,usd
2026-09-20T16:13:40Z,mcat,coingecko,0.559332,usd
2026-09-20T16:13:40Z,ai2,coingecko,0.266357,usd
2026-09-20T16:13:40Z,trump,coingecko,0.00000397,usd
2026-09-20T16:29:30Z,xrp,coingecko,1.4,usd
2026-09-20T16:29:20Z,btc,coingecko,81215,usd
2026-09-20T16:29:30Z,doge,coingecko,0.086535,usd
2026-09-20T16:29:40Z,marscoin,coingecko,0.074317,usd
2026-09-20T16:29:20Z,mcat,coingecko,0.566065,usd
2026-09-20T16:29:20Z,ai2,coingecko,0.268081,usd
2026-09-20T16:29:20Z,trump,coingecko,0.00000398,usd
2026-09-20T16:44:30Z,xrp,coingecko,1.41,usd
2026-09-20T16:44:10Z,btc,coingecko,81384,usd
2026-09-20T16:44:30Z,doge,coingecko,0.087452,usd
2026-09-20T16:44:30Z,marscoin,coingecko,0.074287,usd
2026-09-20T16:44:00Z,mcat,coingecko,0.559075,usd
2026-09-20T16:44:00Z,ai2,coingecko,0.269943,usd
2026-09-20T16:44:30Z,trump,coingecko,0.00000401,usd
2026-09-20T16:59:40Z,xrp,coingecko,1.41,usd
2026-09-20T16:59:50Z,btc,coingecko,81290,usd
2026-09-20T16:59:40Z,doge,coingecko,0.087474,usd
2026-09-20T16:59:50Z,marscoin,coingecko,0.07429,usd
2026-09-20T16:59:50Z,mcat,coingecko,0.575042,usd
2026-09-20T16:59:50Z,ai2,coingecko,0.270358,usd
2026-09-20T16:59:50Z,trump,coingecko,0.00000402,usd
2026-09-20T17:14:40Z,xrp,coingecko,1.4,usd
2026-09-20T17:14:40Z,btc,coingecko,81197,usd
2026-09-20T17:14:40Z,doge,coingecko,0.087031,usd
2026-09-20T17:14:50Z,marscoin,coingecko,0.074284,usd
2026-09-20T17:14:50Z,mcat,coingecko,0.58058,usd
2026-09-20T17:14:50Z,ai2,coingecko,0.266915,usd
2026-09-20T17:14:50Z,trump,coingecko,0.00000399,usd
2026-09-20T17:29:20Z,xrp,coingecko,1.4,usd
2026-09-20T17:29:20Z,btc,coingecko,81183,usd
2026-09-20T17:29:20Z,doge,coingecko,0.086946,usd
2026-09-20T17:29:40Z,marscoin,coingecko,0.074235,usd
2026-09-20T17:29:20Z,mcat,coingecko,0.579324,usd
2026-09-20T17:29:20Z,ai2,coingecko,0.265117,usd
2026-09-20T17:29:20Z,trump,coingecko,0.00000399,usd
2026-09-20T17:44:20Z,xrp,coingecko,1.41,usd
2026-09-20T17:44:20Z,btc,coingecko,81347,usd
2026-09-20T17:44:10Z,doge,coingecko,0.087436,usd
2026-09-20T17:44:20Z,marscoin,coingecko,0.074228,usd
2026-09-20T17:44:20Z,mcat,coingecko,0.581598,usd
2026-09-20T17:44:20Z,ai2,coingecko,0.264982,usd
2026-09-20T17:44:20Z,trump,coingecko,0.000004,usd
2026-09-20T17:59:50Z,xrp,coingecko,1.4,usd
2026-09-20T17:59:50Z,btc,coingecko,81121,usd
2026-09-20T17:59:50Z,doge,coingecko,0.086975,usd
2026-09-20T17:59:50Z,marscoin,coingecko,0.074226,usd
2026-09-20T17:59:40Z,mcat,coingecko,0.579022,usd
2026-09-20T17:59:40Z,ai2,coingecko,0.261868,usd
2026-09-20T17:59:40Z,trump,coingecko,0.00000399,usd
2026-09-20T18:14:00Z,xrp,coingecko,1.4,usd
2026-09-20T18:14:00Z,btc,coingecko,81094,usd
2026-09-20T18:14:20Z,doge,coingecko,0.086786,usd
2026-09-20T18:14:20Z,marscoin,coingecko,0.074224,usd
2026-09-20T18:14:20Z,mcat,coingecko,0.574223,usd
2026-09-20T18:14:20Z,ai2,coingecko,0.25816,usd
2026-09-20T18:14:00Z,trump,coingecko,0.00000397,usd
2026-09-20T18:29:20Z,xrp,coingecko,1.41,usd
2026-09-20T18:29:40Z,btc,coingecko,81243,usd
2026-09-20T18:29:20Z,doge,coingecko,0.087144,usd
2026-09-20T18:29:40Z,marscoin,coingecko,0.074226,usd
2026-09-20T18:29:20Z,mcat,coingecko,0.580494,usd
2026-09-20T18:29:20Z,ai2,coingecko,0.254602,usd
2026-09-20T18:29:20Z,trump,coingecko,0.000004,usd
2026-09-20T18:44:10Z,xrp,coingecko,1.41,usd
2026-09-20T18:44:10Z,btc,coingecko,81194,usd
2026-09-20T18:44:10Z,doge,coingecko,0.086894,usd
2026-09-20T18:44:20Z,marscoin,coingecko,0.074216,usd
2026-09-20T18:44:10Z,mcat,coingecko,0.582272,usd
2026-09-20T18:44:10Z,ai2,coingecko,0.25224,usd
2026-09-20T18:44:20Z,trump,coingecko,0.000004,usd
2026-09-20T18:51:20Z,xrp,coingecko,1.4,usd
2026-09-20T18:51:00Z,btc,coingecko,81115,usd
2026-09-20T18:51:20Z,doge,coingecko,0.08665,usd
2026-09-20T18:51:30Z,marscoin,coingecko,0.074212,usd
2026-09-20T18:51:30Z,mcat,coingecko,0.567165,usd
2026-09-20T18:51:30Z,ai2,coingecko,0.25129,usd
2026-09-20T18:51:30Z,trump,coingecko,0.00000399,usd
2026-09-20T18:59:30Z,xrp,coingecko,1.4,usd
2026-09-20T18:59:50Z,btc,coingecko,81033,usd
2026-09-20T18:59:40Z,doge,coingecko,0.086637,usd
2026-09-20T18:59:50Z,marscoin,coingecko,0.074221,usd
2026-09-20T18:59:50Z,mcat,coingecko,0.565291,usd
2026-09-20T18:59:50Z,ai2,coingecko,0.250973,usd
2026-09-20T18:59:40Z,trump,coingecko,0.00000399,usd
2026-09-20T19:14:10Z,xrp,coingecko,1.41,usd
2026-09-20T19:14:20Z,btc,coingecko,81083,usd
2026-09-20T19:14:10Z,doge,coingecko,0.086766,usd
2026-09-20T19:14:20Z,marscoin,coingecko,0.074218,usd
2026-09-20T19:14:20Z,mcat,coingecko,0.567079,usd
2026-09-20T19:14:20Z,ai2,coingecko,0.250966,usd
2026-09-20T19:14:20Z,trump,coingecko,0.000004,usd
2026-09-20T19:29:30Z,xrp,coingecko,1.4,usd
2026-09-20T19:29:30Z,btc,coingecko,81082,usd
2026-09-20T19:29:30Z,doge,coingecko,0.086767,usd
2026-09-20T19:29:40Z,marscoin,coingecko,0.074193,usd
2026-09-20T19:29:30Z,mcat,coingecko,0.561465,usd
2026-09-20T19:29:20Z,ai2,coingecko,0.254408,usd
2026-09-20T19:29:30Z,trump,coingecko,0.000004,usd
2026-09-20T19:44:10Z,xrp,coingecko,1.41,usd
2026-09-20T19:44:20Z,btc,coingecko,81213,usd
2026-09-20T19:44:10Z,doge,coingecko,0.087337,usd
2026-09-20T19:44:30Z,marscoin,coingecko,0.074192,usd
2026-09-20T19:44:10Z,mcat,coingecko,0.562113,usd
2026-09-20T19:44:30Z,ai2,coingecko,0.257013,usd
2026-09-20T19:44:30Z,trump,coingecko,0.00000401,usd
2026-09-20T19:59:30Z,xrp,coingecko,1.41,usd
2026-09-20T19:59:50Z,btc,coingecko,81165,usd
2026-09-20T19:59:40Z,doge,coingecko,0.087338,usd
2026-09-20T19:59:50Z,marscoin,coingecko,0.074179,usd
2026-09-20T19:59:40Z,mcat,coingecko,0.535911,usd
2026-09-20T19:59:50Z,ai2,coingecko,0.256767,usd
2026-09-20T19:59:50Z,trump,coingecko,0.00000401,usd
2026-09-20T20:14:00Z,xrp,coingecko,1.41,usd
2026-09-20T20:14:10Z,btc,coingecko,81137,usd
2026-09-20T20:14:10Z,doge,coingecko,0.087305,usd
2026-09-20T20:14:20Z,marscoin,coingecko,0.074174,usd
2026-09-20T20:14:20Z,mcat,coingecko,0.517563,usd
2026-09-20T20:14:20Z,ai2,coingecko,0.259502,usd
2026-09-20T20:14:20Z,trump,coingecko,0.000004,usd
2026-09-20T20:29:50Z,xrp,coingecko,1.41,usd
2026-09-20T20:29:50Z,btc,coingecko,81176,usd
2026-09-20T20:30:10Z,doge,coingecko,0.087523,usd
2026-09-20T20:30:10Z,marscoin,coingecko,0.074152,usd
2026-09-20T20:30:10Z,mcat,coingecko,0.518936,usd
2026-09-20T20:30:10Z,ai2,coingecko,0.25943,usd
2026-09-20T20:30:10Z,trump,coingecko,0.000004,usd
2026-09-20T20:44:00Z,xrp,coingecko,1.41,usd
2026-09-20T20:44:10Z,btc,coingecko,81112,usd
2026-09-20T20:44:10Z,doge,coingecko,0.087494,usd
2026-09-20T20:44:20Z,marscoin,coingecko,0.07416,usd
2026-09-20T20:44:10Z,mcat,coingecko,0.527826,usd
2026-09-20T20:44:10Z,ai2,coingecko,0.263008,usd
2026-09-20T20:44:00Z,trump,coingecko,0.00000401,usd
2026-09-20T20:59:50Z,xrp,coingecko,1.41,usd
2026-09-20T20:59:20Z,btc,coingecko,81071,usd
2026-09-20T20:59:50Z,doge,coingecko,0.087316,usd
2026-09-20T20:59:50Z,marscoin,coingecko,0.074149,usd
2026-09-20T20:59:50Z,mcat,coingecko,0.527742,usd
2026-09-20T20:59:50Z,ai2,coingecko,0.262932,usd
2026-09-20T20:59:50Z,trump,coingecko,0.00000399,usd
2026-09-20T21:14:00Z,xrp,coingecko,1.4,usd
2026-09-20T21:14:10Z,btc,coingecko,80701,usd
2026-09-20T21:14:20Z,doge,coingecko,0.086509,usd
2026-09-20T21:14:20Z,marscoin,coingecko,0.074124,usd
2026-09-20T21:14:20Z,mcat,coingecko,0.535639,usd
2026-09-20T21:14:20Z,ai2,coingecko,0.259917,usd
2026-09-20T21:14:20Z,trump,coingecko,0.00000394,usd
2026-09-20T21:26:40Z,xrp,coingecko,1.4,usd
2026-09-20T21:26:50Z,btc,coingecko,80818,usd
2026-09-20T21:26:40Z,doge,coingecko,0.086581,usd
2026-09-20T21:27:10Z,marscoin,coingecko,0.074129,usd
2026-09-20T21:27:10Z,mcat,coingecko,0.53498,usd
2026-09-20T21:27:10Z,ai2,coingecko,0.263536,usd
2026-09-20T21:27:10Z,trump,coingecko,0.00000394,usd
2026-09-20T21:44:00Z,xrp,coingecko,1.4,usd
2026-09-20T21:44:00Z,btc,coingecko,80815,usd
2026-09-20T21:44:20Z,doge,coingecko,0.086549,usd
2026-09-20T21:44:20Z,marscoin,coingecko,0.074124,usd
2026-09-20T21:44:20Z,mcat,coingecko,0.533415,usd
2026-09-20T21:44:20Z,ai2,coingecko,0.264366,usd
2026-09-20T21:44:20Z,trump,coingecko,0.00000395,usd
2026-09-20T21:59:40Z,xrp,coingecko,1.4,usd
2026-09-20T21:59:40Z,btc,coingecko,80899,usd
2026-09-20T21:59:40Z,doge,coingecko,0.086879,usd
2026-09-20T21:59:50Z,marscoin,coingecko,0.074121,usd
2026-09-20T21:59:50Z,mcat,coingecko,0.5311,usd
2026-09-20T21:59:50Z,ai2,coingecko,0.262449,usd
2026-09-20T21:59:40Z,trump,coingecko,0.00000396,usd
2026-09-20T22:14:10Z,xrp,coingecko,1.41,usd
2026-09-20T22:14:20Z,btc,coingecko,81242,usd
2026-09-20T22:14:20Z,doge,coingecko,0.087419,usd
2026-09-20T22:14:20Z,marscoin,coingecko,0.074125,usd
2026-09-20T22:14:10Z,mcat,coingecko,0.52739,usd
2026-09-20T22:14:10Z,ai2,coingecko,0.263889,usd
2026-09-20T22:14:20Z,trump,coingecko,0.00000399,usd
2026-09-20T22:29:20Z,xrp,coingecko,1.41,usd
2026-09-20T22:29:40Z,btc,coingecko,81133,usd
2026-09-20T22:29:20Z,doge,coingecko,0.087261,usd
2026-09-20T22:29:40Z,marscoin,coingecko,0.074129,usd
2026-09-20T22:29:40Z,mcat,coingecko,0.53272,usd
2026-09-20T22:29:40Z,ai2,coingecko,0.264963,usd
2026-09-20T22:29:20Z,trump,coingecko,0.00000399,usd
2026-09-20T22:44:10Z,xrp,coingecko,1.41,usd
2026-09-20T22:44:10Z,btc,coingecko,81144,usd
2026-09-20T22:44:20Z,doge,coingecko,0.087431,usd
2026-09-20T22:44:20Z,marscoin,coingecko,0.074104,usd
2026-09-20T22:44:20Z,mcat,coingecko,0.534232,usd
2026-09-20T22:44:20Z,ai2,coingecko,0.26497,usd
2026-09-20T22:44:20Z,trump,coingecko,0.00000401,usd
2026-09-20T22:59:40Z,xrp,coingecko,1.41,usd
2026-09-20T22:59:40Z,btc,coingecko,81200,usd
2026-09-20T22:59:40Z,doge,coingecko,0.087474,usd
2026-09-20T22:59:40Z,marscoin,coingecko,0.074117,usd
2026-09-20T22:59:40Z,mcat,coingecko,0.540577,usd
2026-09-20T22:59:40Z,ai2,coingecko,0.266969,usd
2026-09-20T22:59:40Z,trump,coingecko,0.000004,usd
2026-09-20T23:14:10Z,xrp,coingecko,1.41,usd
2026-09-20T23:14:10Z,btc,coingecko,81179,usd
2026-09-20T23:14:10Z,doge,coingecko,0.087275,usd
2026-09-20T23:14:20Z,marscoin,coingecko,0.074112,usd
2026-09-20T23:14:10Z,mcat,coingecko,0.534461,usd
2026-09-20T23:14:10Z,ai2,coingecko,0.268008,usd
2026-09-20T23:14:20Z,trump,coingecko,0.000004,usd
2026-09-20T23:26:20Z,xrp,coingecko,1.41,usd
2026-09-20T23:26:10Z,btc,coingecko,81220,usd
2026-09-20T23:26:20Z,doge,coingecko,0.087384,usd
2026-09-20T23:26:30Z,marscoin,coingecko,0.074501,usd
2026-09-20T23:26:30Z,mcat,coingecko,0.529365,usd
2026-09-20T23:26:30Z,ai2,coingecko,0.268916,usd
2026-09-20T23:26:30Z,trump,coingecko,0.000004,usd
2026-09-20T23:44:20Z,xrp,coingecko,1.41,usd
2026-09-20T23:44:00Z,btc,coingecko,81247,usd
2026-09-20T23:44:10Z,doge,coingecko,0.087487,usd
2026-09-20T23:44:20Z,marscoin,coingecko,0.074498,usd
2026-09-20T23:44:20Z,mcat,coingecko,0.527522,usd
2026-09-20T23:44:20Z,ai2,coingecko,0.270187,usd
2026-09-20T23:44:10Z,trump,coingecko,0.000004,usd
2026-09-20T23:59:40Z,xrp,coingecko,1.41,usd
2026-09-20T23:59:50Z,btc,coingecko,81158,usd
2026-09-20T23:59:40Z,doge,coingecko,0.087278,usd
2026-09-20T23:59:50Z,marscoin,coingecko,0.074497,usd
2026-09-20T23:59:50Z,mcat,coingecko,0.516949,usd
2026-09-20T23:59:50Z,ai2,coingecko,0.27051,usd
2026-09-20T23:59:50Z,trump,coingecko,0.00000399,usd
2026-09-21T00:14:10Z,xrp,coingecko,1.42,usd
2026-09-21T00:14:10Z,btc,coingecko,81599,usd
2026-09-21T00:14:10Z,doge,coingecko,0.0881,usd
2026-09-21T00:14:30Z,marscoin,coingecko,0.074534,usd
2026-09-21T00:14:20Z,mcat,coingecko,0.523265,usd
2026-09-21T00:14:10Z,ai2,coingecko,0.271866,usd
2026-09-21T00:14:30Z,trump,coingecko,0.00000403,usd
2026-09-21T00:29:30Z,xrp,coingecko,1.43,usd
2026-09-21T00:29:30Z,btc,coingecko,81728,usd
2026-09-21T00:29:30Z,doge,coingecko,0.088521,usd
2026-09-21T00:29:40Z,marscoin,coingecko,0.074568,usd
2026-09-21T00:29:40Z,mcat,coingecko,0.524611,usd
2026-09-21T00:29:40Z,ai2,coingecko,0.273646,usd
2026-09-21T00:29:30Z,trump,coingecko,0.00000406,usd
2026-09-21T00:44:10Z,xrp,coingecko,1.42,usd
2026-09-21T00:44:00Z,btc,coingecko,81542,usd
2026-09-21T00:44:00Z,doge,coingecko,0.088234,usd
2026-09-21T00:44:20Z,marscoin,coingecko,0.074537,usd
2026-09-21T00:44:20Z,mcat,coingecko,0.530971,usd
2026-09-21T00:44:20Z,ai2,coingecko,0.280902,usd
2026-09-21T00:44:10Z,trump,coingecko,0.00000405,usd
2026-09-21T00:59:50Z,xrp,coingecko,1.43,usd
2026-09-21T00:59:30Z,btc,coingecko,81609,usd
2026-09-21T00:59:50Z,doge,coingecko,0.08871,usd
2026-09-21T00:59:50Z,marscoin,coingecko,0.074517,usd
2026-09-21T00:59:50Z,mcat,coingecko,0.559763,usd
2026-09-21T00:59:50Z,ai2,coingecko,0.286073,usd
2026-09-21T00:59:50Z,trump,coingecko,0.00000406,usd
2026-09-21T01:09:20Z,xrp,coingecko,1.43,usd
2026-09-21T01:09:00Z,btc,coingecko,81701,usd
2026-09-21T01:09:20Z,doge,coingecko,0.088834,usd
2026-09-21T01:09:30Z,marscoin,coingecko,0.074496,usd
2026-09-21T01:09:30Z,mcat,coingecko,0.551608,usd
2026-09-21T01:09:30Z,ai2,coingecko,0.283619,usd
2026-09-21T01:09:00Z,trump,coingecko,0.00000407,usd
2026-09-21T01:19:20Z,xrp,coingecko,1.43,usd
2026-09-21T01:19:10Z,btc,coingecko,81743,usd
2026-09-21T01:19:10Z,doge,coingecko,0.088948,usd
2026-09-21T01:19:20Z,marscoin,coingecko,0.07452,usd
2026-09-21T01:19:20Z,mcat,coingecko,0.551748,usd
2026-09-21T01:19:20Z,ai2,coingecko,0.284564,usd
2026-09-21T01:19:20Z,trump,coingecko,0.00000407,usd
2026-09-21T01:29:20Z,xrp,coingecko,1.43,usd
2026-09-21T01:29:20Z,btc,coingecko,81567,usd
2026-09-21T01:29:40Z,doge,coingecko,0.088958,usd
2026-09-21T01:29:40Z,marscoin,coingecko,0.074517,usd
2026-09-21T01:29:40Z,mcat,coingecko,0.55298,usd
2026-09-21T01:29:40Z,ai2,coingecko,0.282544,usd
2026-09-21T01:29:20Z,trump,coingecko,0.00000406,usd
2026-09-21T01:39:00Z,xrp,coingecko,1.42,usd
2026-09-21T01:39:00Z,btc,coingecko,81371,usd
2026-09-21T01:39:10Z,doge,coingecko,0.088691,usd
2026-09-21T01:39:20Z,marscoin,coingecko,0.074518,usd
2026-09-21T01:39:20Z,mcat,coingecko,0.567174,usd
2026-09-21T01:39:20Z,ai2,coingecko,0.2777,usd
2026-09-21T01:39:00Z,trump,coingecko,0.00000405,usd
2026-09-21T01:49:20Z,xrp,coingecko,1.42,usd
2026-09-21T01:49:10Z,btc,coingecko,81305,usd
2026-09-21T01:49:00Z,doge,coingecko,0.088476,usd
2026-09-21T01:49:20Z,marscoin,coingecko,0.07451,usd
2026-09-21T01:49:20Z,mcat,coingecko,0.560592,usd
2026-09-21T01:49:20Z,ai2,coingecko,0.279206,usd
2026-09-21T01:49:00Z,trump,coingecko,0.00000405,usd
2026-09-21T01:59:10Z,xrp,coingecko,1.41,usd
2026-09-21T01:59:20Z,btc,coingecko,80995,usd
2026-09-21T01:59:20Z,doge,coingecko,0.08747,usd
2026-09-21T01:59:30Z,marscoin,coingecko,0.074491,usd
2026-09-21T01:59:30Z,mcat,coingecko,0.553174,usd
2026-09-21T01:59:30Z,ai2,coingecko,0.276522,usd
2026-09-21T01:59:30Z,trump,coingecko,0.000004,usd
2026-09-21T02:09:10Z,xrp,coingecko,1.41,usd
2026-09-21T02:09:10Z,btc,coingecko,81234,usd
2026-09-21T02:09:10Z,doge,coingecko,0.087766,usd
2026-09-21T02:09:30Z,marscoin,coingecko,0.074508,usd
2026-09-21T02:09:30Z,mcat,coingecko,0.553702,usd
2026-09-21T02:09:30Z,ai2,coingecko,0.276109,usd
2026-09-21T02:09:30Z,trump,coingecko,0.000004,usd
2026-09-21T02:19:10Z,xrp,coingecko,1.41,usd
2026-09-21T02:19:10Z,btc,coingecko,81327,usd
2026-09-21T02:19:20Z,doge,coingecko,0.088069,usd
2026-09-21T02:19:20Z,marscoin,coingecko,0.074702,usd
2026-09-21T02:19:20Z,mcat,coingecko,0.562234,usd
2026-09-21T02:19:20Z,ai2,coingecko,0.275102,usd
2026-09-21T02:19:20Z,trump,coingecko,0.00000401,usd
2026-09-21T02:29:10Z,xrp,coingecko,1.42,usd
2026-09-21T02:29:20Z,btc,coingecko,81421,usd
2026-09-21T02:29:20Z,doge,coingecko,0.088206,usd
2026-09-21T02:29:40Z,marscoin,coingecko,0.074723,usd
2026-09-21T02:29:40Z,mcat,coingecko,0.573689,usd
2026-09-21T02:29:40Z,ai2,coingecko,0.274705,usd
2026-09-21T02:29:20Z,trump,coingecko,0.00000402,usd
2026-09-21T02:39:10Z,xrp,coingecko,1.41,usd
2026-09-21T02:39:10Z,btc,coingecko,81247,usd
2026-09-21T02:39:20Z,doge,coingecko,0.087975,usd
2026-09-21T02:39:30Z,marscoin,coingecko,0.074703,usd
2026-09-21T02:39:20Z,mcat,coingecko,0.583783,usd
2026-09-21T02:39:20Z,ai2,coingecko,0.273018,usd
2026-09-21T02:39:30Z,trump,coingecko,0.000004,usd
2026-09-21T02:49:20Z,xrp,coingecko,1.41,usd
2026-09-21T02:49:10Z,btc,coingecko,81221,usd
2026-09-21T02:49:20Z,doge,coingecko,0.087937,usd
2026-09-21T02:49:20Z,marscoin,coingecko,0.074704,usd
2026-09-21T02:49:20Z,mcat,coingecko,0.597833,usd
2026-09-21T02:49:20Z,ai2,coingecko,0.271794,usd
2026-09-21T02:49:00Z,trump,coingecko,0.000004,usd
2026-09-21T02:59:50Z,xrp,coingecko,1.42,usd
2026-09-21T02:59:40Z,btc,coingecko,81293,usd
2026-09-21T02:59:40Z,doge,coingecko,0.08807,usd
2026-09-21T02:59:50Z,marscoin,coingecko,0.074694,usd
2026-09-21T02:59:50Z,mcat,coingecko,0.618433,usd
2026-09-21T02:59:50Z,ai2,coingecko,0.269693,usd
2026-09-21T02:59:50Z,trump,coingecko,0.000004,usd
2026-09-21T03:09:10Z,xrp,coingecko,1.42,usd
2026-09-21T03:09:10Z,btc,coingecko,81314,usd
2026-09-21T03:09:10Z,doge,coingecko,0.088257,usd
2026-09-21T03:09:30Z,marscoin,coingecko,0.074671,usd
2026-09-21T03:09:30Z,mcat,coingecko,0.629656,usd
2026-09-21T03:09:30Z,ai2,coingecko,0.268901,usd
2026-09-21T03:09:30Z,trump,coingecko,0.000004,usd
2026-09-21T03:19:20Z,xrp,coingecko,1.42,usd
2026-09-21T03:19:20Z,btc,coingecko,81374,usd
2026-09-21T03:19:20Z,doge,coingecko,0.088596,usd
2026-09-21T03:19:20Z,marscoin,coingecko,0.074668,usd
2026-09-21T03:19:20Z,mcat,coingecko,0.62096,usd
2026-09-21T03:19:20Z,ai2,coingecko,0.268097,usd
2026-09-21T03:19:00Z,trump,coingecko,0.00000402,usd
2026-09-21T03:29:30Z,xrp,coingecko,1.42,usd
2026-09-21T03:29:30Z,btc,coingecko,81386,usd
2026-09-21T03:29:30Z,doge,coingecko,0.088492,usd
2026-09-21T03:29:40Z,marscoin,coingecko,0.074686,usd
2026-09-21T03:29:40Z,mcat,coingecko,0.619608,usd
2026-09-21T03:29:40Z,ai2,coingecko,0.266909,usd
2026-09-21T03:29:30Z,trump,coingecko,0.00000402,usd
2026-09-21T03:39:20Z,xrp,coingecko,1.42,usd
2026-09-21T03:39:10Z,btc,coingecko,81467,usd
2026-09-21T03:39:20Z,doge,coingecko,0.088511,usd
2026-09-21T03:39:20Z,marscoin,coingecko,0.074673,usd
2026-09-21T03:39:20Z,mcat,coingecko,0.640169,usd
2026-09-21T03:39:20Z,ai2,coingecko,0.268816,usd
2026-09-21T03:39:10Z,trump,coingecko,0.00000401,usd
2026-09-21T03:49:30Z,xrp,coingecko,1.42,usd
2026-09-21T03:49:30Z,btc,coingecko,81464,usd
2026-09-21T03:49:30Z,doge,coingecko,0.088659,usd
2026-09-21T03:49:30Z,marscoin,coingecko,0.074678,usd
2026-09-21T03:49:30Z,mcat,coingecko,0.640125,usd
2026-09-21T03:49:30Z,ai2,coingecko,0.269736,usd
2026-09-21T03:49:30Z,trump,coingecko,0.00000402,usd
2026-09-21T03:59:50Z,xrp,coingecko,1.42,usd
2026-09-21T03:59:50Z,btc,coingecko,81400,usd
2026-09-21T03:59:50Z,doge,coingecko,0.088438,usd
2026-09-21T03:59:50Z,marscoin,coingecko,0.074684,usd
2026-09-21T03:59:50Z,mcat,coingecko,0.641017,usd
2026-09-21T03:59:50Z,ai2,coingecko,0.269479,usd
2026-09-21T03:59:50Z,trump,coingecko,0.00000401,usd
2026-09-21T04:09:30Z,xrp,coingecko,1.42,usd
2026-09-21T04:09:30Z,btc,coingecko,81326,usd
2026-09-21T04:09:30Z,doge,coingecko,0.088135,usd
2026-09-21T04:09:30Z,marscoin,coingecko,0.07466,usd
2026-09-21T04:09:30Z,mcat,coingecko,0.643209,usd
2026-09-21T04:09:30Z,ai2,coingecko,0.269356,usd
2026-09-21T04:09:30Z,trump,coingecko,0.000004,usd
2026-09-21T04:19:20Z,xrp,coingecko,1.42,usd
2026-09-21T04:19:20Z,btc,coingecko,81273,usd
2026-09-21T04:19:00Z,doge,coingecko,0.088027,usd
2026-09-21T04:19:20Z,marscoin,coingecko,0.07468,usd
2026-09-21T04:19:20Z,mcat,coingecko,0.647055,usd
2026-09-21T04:19:20Z,ai2,coingecko,0.266717,usd
2026-09-21T04:19:20Z,trump,coingecko,0.00000399,usd
2026-09-21T04:29:30Z,xrp,coingecko,1.42,usd
2026-09-21T04:29:20Z,btc,coingecko,81272,usd
2026-09-21T04:29:30Z,doge,coingecko,0.087974,usd
2026-09-21T04:29:40Z,marscoin,coingecko,0.074666,usd
2026-09-21T04:29:40Z,mcat,coingecko,0.648856,usd
2026-09-21T04:29:40Z,ai2,coingecko,0.267093,usd
2026-09-21T04:29:20Z,trump,coingecko,0.000004,usd
2026-09-21T04:39:10Z,xrp,coingecko,1.42,usd
2026-09-21T04:39:20Z,btc,coingecko,81358,usd
2026-09-21T04:39:20Z,doge,coingecko,0.088317,usd
2026-09-21T04:39:20Z,marscoin,coingecko,0.074654,usd
2026-09-21T04:39:20Z,mcat,coingecko,0.653883,usd
2026-09-21T04:39:20Z,ai2,coingecko,0.271585,usd
2026-09-21T04:39:20Z,trump,coingecko,0.00000401,usd
2026-09-21T04:49:20Z,xrp,coingecko,1.42,usd
2026-09-21T04:49:20Z,btc,coingecko,81446,usd
2026-09-21T04:49:20Z,doge,coingecko,0.088537,usd
2026-09-21T04:49:30Z,marscoin,coingecko,0.074647,usd
2026-09-21T04:49:30Z,mcat,coingecko,0.648074,usd
2026-09-21T04:49:30Z,ai2,coingecko,0.272207,usd
2026-09-21T04:49:30Z,trump,coingecko,0.00000402,usd
2026-09-21T04:59:50Z,xrp,coingecko,1.42,usd
2026-09-21T04:59:40Z,btc,coingecko,81382,usd
2026-09-21T04:59:50Z,doge,coingecko,0.08831,usd
2026-09-21T04:59:50Z,marscoin,coingecko,0.074721,usd
2026-09-21T04:59:50Z,mcat,coingecko,0.655247,usd
2026-09-21T04:59:50Z,ai2,coingecko,0.271195,usd
2026-09-21T04:59:50Z,trump,coingecko,0.000004,usd
2026-09-21T05:09:10Z,xrp,coingecko,1.42,usd
2026-09-21T05:09:20Z,btc,coingecko,81302,usd
2026-09-21T05:09:10Z,doge,coingecko,0.088102,usd
2026-09-21T05:09:20Z,marscoin,coingecko,0.074694,usd
2026-09-21T05:09:20Z,mcat,coingecko,0.648052,usd
2026-09-21T05:09:20Z,ai2,coingecko,0.27371,usd
2026-09-21T05:09:10Z,trump,coingecko,0.000004,usd
2026-09-21T05:19:10Z,xrp,coingecko,1.42,usd
2026-09-21T05:19:20Z,btc,coingecko,81388,usd
2026-09-21T05:19:30Z,doge,coingecko,0.088351,usd
2026-09-21T05:19:30Z,marscoin,coingecko,0.074679,usd
2026-09-21T05:19:10Z,mcat,coingecko,0.625651,usd
2026-09-21T05:19:10Z,ai2,coingecko,0.273305,usd
2026-09-21T05:19:10Z,trump,coingecko,0.000004,usd
2026-09-21T05:29:50Z,xrp,coingecko,1.42,usd
2026-09-21T05:29:40Z,btc,coingecko,81598,usd
2026-09-21T05:29:50Z,doge,coingecko,0.088614,usd
2026-09-21T05:29:50Z,marscoin,coingecko,0.074681,usd
2026-09-21T05:29:50Z,mcat,coingecko,0.623325,usd
2026-09-21T05:29:50Z,ai2,coingecko,0.269323,usd
2026-09-21T05:29:50Z,trump,coingecko,0.00000401,usd
2026-09-21T05:31:40Z,xrp,coingecko,1.42,usd
2026-09-21T05:31:50Z,btc,coingecko,81663,usd
2026-09-21T05:31:40Z,doge,coingecko,0.088675,usd
2026-09-21T05:31:50Z,marscoin,coingecko,0.074679,usd
2026-09-21T05:31:50Z,mcat,coingecko,0.619281,usd
2026-09-21T05:31:50Z,ai2,coingecko,0.270064,usd
2026-09-21T05:31:40Z,trump,coingecko,0.00000401,usd
2026-09-21T05:39:10Z,xrp,coingecko,1.43,usd
2026-09-21T05:39:10Z,btc,coingecko,81679,usd
2026-09-21T05:39:10Z,doge,coingecko,0.088793,usd
2026-09-21T05:39:20Z,marscoin,coingecko,0.074685,usd
2026-09-21T05:39:20Z,mcat,coingecko,0.606992,usd
2026-09-21T05:39:20Z,ai2,coingecko,0.27092,usd
2026-09-21T05:39:10Z,trump,coingecko,0.00000402,usd
2026-09-21T05:49:20Z,xrp,coingecko,1.43,usd
2026-09-21T05:49:10Z,btc,coingecko,81538,usd
2026-09-21T05:49:20Z,doge,coingecko,0.088454,usd
2026-09-21T05:49:30Z,marscoin,coingecko,0.074683,usd
2026-09-21T05:49:30Z,mcat,coingecko,0.607035,usd
2026-09-21T05:49:30Z,ai2,coingecko,0.27293,usd
2026-09-21T05:49:20Z,trump,coingecko,0.000004,usd
2026-09-21T05:59:50Z,xrp,coingecko,1.43,usd
2026-09-21T05:59:40Z,btc,coingecko,81523,usd
2026-09-21T05:59:50Z,doge,coingecko,0.088354,usd
2026-09-21T05:59:50Z,marscoin,coingecko,0.074685,usd
2026-09-21T05:59:50Z,mcat,coingecko,0.608517,usd
2026-09-21T05:59:50Z,ai2,coingecko,0.271172,usd
2026-09-21T05:59:50Z,trump,coingecko,0.00000401,usd
2026-09-21T06:09:10Z,xrp,coingecko,1.43,usd
2026-09-21T06:09:20Z,btc,coingecko,81599,usd
2026-09-21T06:09:10Z,doge,coingecko,0.088351,usd
2026-09-21T06:09:40Z,marscoin,coingecko,0.074675,usd
2026-09-21T06:09:40Z,mcat,coingecko,0.6243,usd
2026-09-21T06:09:40Z,ai2,coingecko,0.272321,usd
2026-09-21T06:09:30Z,trump,coingecko,0.000004,usd
2026-09-21T06:19:20Z,xrp,coingecko,1.44,usd
2026-09-21T06:19:40Z,btc,coingecko,81758,usd
2026-09-21T06:19:20Z,doge,coingecko,0.089162,usd
2026-09-21T06:19:20Z,marscoin,coingecko,0.074677,usd
2026-09-21T06:19:20Z,mcat,coingecko,0.609938,usd
2026-09-21T06:19:20Z,ai2,coingecko,0.27124,usd
2026-09-21T06:19:20Z,trump,coingecko,0.00000404,usd
2026-09-21T06:29:40Z,xrp,coingecko,1.44,usd
2026-09-21T06:29:30Z,btc,coingecko,81787,usd
2026-09-21T06:29:40Z,doge,coingecko,0.089225,usd
2026-09-21T06:29:40Z,marscoin,coingecko,0.074676,usd
2026-09-21T06:29:40Z,mcat,coingecko,0.615028,usd
2026-09-21T06:29:40Z,ai2,coingecko,0.273301,usd
2026-09-21T06:29:40Z,trump,coingecko,0.00000404,usd
2026-09-21T06:39:20Z,xrp,coingecko,1.43,usd
2026-09-21T06:39:20Z,btc,coingecko,81623,usd
2026-09-21T06:39:20Z,doge,coingecko,0.088825,usd
2026-09-21T06:39:30Z,marscoin,coingecko,0.074652,usd
2026-09-21T06:39:30Z,mcat,coingecko,0.619003,usd
2026-09-21T06:39:30Z,ai2,coingecko,0.27394,usd
2026-09-21T06:39:30Z,trump,coingecko,0.00000402,usd
2026-09-21T06:49:30Z,xrp,coingecko,1.43,usd
2026-09-21T06:49:20Z,btc,coingecko,81670,usd
2026-09-21T06:49:30Z,doge,coingecko,0.089046,usd
2026-09-21T06:49:30Z,marscoin,coingecko,0.074659,usd
2026-09-21T06:49:30Z,mcat,coingecko,0.627157,usd
2026-09-21T06:49:30Z,ai2,coingecko,0.275541,usd
2026-09-21T06:49:30Z,trump,coingecko,0.00000403,usd
2026-09-21T06:59:50Z,xrp,coingecko,1.44,usd
2026-09-21T06:59:50Z,btc,coingecko,81622,usd
2026-09-21T06:59:50Z,doge,coingecko,0.089044,usd
2026-09-21T06:59:50Z,marscoin,coingecko,0.074661,usd
2026-09-21T06:59:50Z,mcat,coingecko,0.628232,usd
2026-09-21T06:59:50Z,ai2,coingecko,0.273769,usd
2026-09-21T06:59:50Z,trump,coingecko,0.00000402,usd
2026-09-21T07:09:20Z,xrp,coingecko,1.44,usd
2026-09-21T07:09:10Z,btc,coingecko,81558,usd
2026-09-21T07:09:10Z,doge,coingecko,0.089029,usd
2026-09-21T07:09:30Z,marscoin,coingecko,0.07464,usd
2026-09-21T07:09:30Z,mcat,coingecko,0.626137,usd
2026-09-21T07:09:30Z,ai2,coingecko,0.275327,usd
2026-09-21T07:09:10Z,trump,coingecko,0.00000403,usd
2026-09-21T07:19:00Z,xrp,coingecko,1.44,usd
2026-09-21T07:18:40Z,btc,coingecko,81552,usd
2026-09-21T07:18:40Z,doge,coingecko,0.089152,usd
2026-09-21T07:19:20Z,marscoin,coingecko,0.074652,usd
2026-09-21T07:18:50Z,mcat,coingecko,0.628608,usd
2026-09-21T07:18:50Z,ai2,coingecko,0.275448,usd
2026-09-21T07:18:40Z,trump,coingecko,0.00000401,usd
2026-09-21T07:29:20Z,xrp,coingecko,1.44,usd
2026-09-21T07:29:30Z,btc,coingecko,81592,usd
2026-09-21T07:29:30Z,doge,coingecko,0.089218,usd
2026-09-21T07:29:40Z,marscoin,coingecko,0.074656,usd
2026-09-21T07:29:40Z,mcat,coingecko,0.635651,usd
2026-09-21T07:29:40Z,ai2,coingecko,0.275612,usd
2026-09-21T07:29:40Z,trump,coingecko,0.00000401,usd
2026-09-21T07:39:10Z,xrp,coingecko,1.44,usd
2026-09-21T07:39:10Z,btc,coingecko,81556,usd
2026-09-21T07:39:10Z,doge,coingecko,0.089393,usd
2026-09-21T07:39:30Z,marscoin,coingecko,0.074655,usd
2026-09-21T07:39:20Z,mcat,coingecko,0.643316,usd
2026-09-21T07:39:20Z,ai2,coingecko,0.274014,usd
2026-09-21T07:39:30Z,trump,coingecko,0.00000401,usd
2026-09-21T07:49:10Z,xrp,coingecko,1.44,usd
2026-09-21T07:49:10Z,btc,coingecko,81516,usd
2026-09-21T07:49:30Z,doge,coingecko,0.089312,usd
2026-09-21T07:49:30Z,marscoin,coingecko,0.074656,usd
2026-09-21T07:49:30Z,mcat,coingecko,0.644187,usd
2026-09-21T07:49:30Z,ai2,coingecko,0.275314,usd
2026-09-21T07:49:30Z,trump,coingecko,0.00000401,usd
2026-09-21T07:59:30Z,xrp,coingecko,1.44,usd
2026-09-21T07:59:40Z,btc,coingecko,81691,usd
2026-09-21T07:59:50Z,doge,coingecko,0.08968,usd
2026-09-21T07:59:50Z,marscoin,coingecko,0.074659,usd
2026-09-21T07:59:50Z,mcat,coingecko,0.626507,usd
2026-09-21T07:59:50Z,ai2,coingecko,0.275385,usd
2026-09-21T07:59:50Z,trump,coingecko,0.00000402,usd
2026-09-21T08:09:10Z,xrp,coingecko,1.45,usd
2026-09-21T08:09:30Z,btc,coingecko,81920,usd
2026-09-21T08:09:30Z,doge,coingecko,0.090302,usd
2026-09-21T08:09:30Z,marscoin,coingecko,0.07465,usd
2026-09-21T08:09:30Z,mcat,coingecko,0.628615,usd
2026-09-21T08:09:30Z,ai2,coingecko,0.277365,usd
2026-09-21T08:09:10Z,trump,coingecko,0.00000403,usd
2026-09-21T08:19:20Z,xrp,coingecko,1.44,usd
2026-09-21T08:19:10Z,btc,coingecko,81919,usd
2026-09-21T08:19:20Z,doge,coingecko,0.090502,usd
2026-09-21T08:19:40Z,marscoin,coingecko,0.074651,usd
2026-09-21T08:19:20Z,mcat,coingecko,0.635898,usd
2026-09-21T08:19:20Z,ai2,coingecko,0.276975,usd
2026-09-21T08:19:10Z,trump,coingecko,0.00000404,usd
2026-09-21T08:29:20Z,xrp,coingecko,1.45,usd
2026-09-21T08:29:20Z,btc,coingecko,82215,usd
2026-09-21T08:29:20Z,doge,coingecko,0.091104,usd
2026-09-21T08:29:40Z,marscoin,coingecko,0.07467,usd
2026-09-21T08:29:40Z,mcat,coingecko,0.647316,usd
2026-09-21T08:29:40Z,ai2,coingecko,0.278726,usd
2026-09-21T08:29:40Z,trump,coingecko,0.00000407,usd
2026-09-21T08:39:10Z,xrp,coingecko,1.47,usd
2026-09-21T08:39:20Z,btc,coingecko,83499,usd
2026-09-21T08:39:20Z,doge,coingecko,0.091615,usd
2026-09-21T08:39:20Z,marscoin,coingecko,0.07473,usd
2026-09-21T08:39:20Z,mcat,coingecko,0.636132,usd
2026-09-21T08:39:20Z,ai2,coingecko,0.279768,usd
2026-09-21T08:39:20Z,trump,coingecko,0.00000413,usd
2026-09-21T08:49:10Z,xrp,coingecko,1.48,usd
2026-09-21T08:49:10Z,btc,coingecko,83795,usd
2026-09-21T08:49:10Z,doge,coingecko,0.092463,usd
2026-09-21T08:49:20Z,marscoin,coingecko,0.074737,usd
2026-09-21T08:49:20Z,mcat,coingecko,0.626812,usd
2026-09-21T08:49:20Z,ai2,coingecko,0.282634,usd
2026-09-21T08:49:20Z,trump,coingecko,0.00000415,usd
2026-09-21T08:59:40Z,xrp,coingecko,1.48,usd
2026-09-21T08:59:00Z,btc,coingecko,83748,usd
2026-09-21T08:59:20Z,doge,coingecko,0.091987,usd
2026-09-21T08:59:50Z,marscoin,coingecko,0.074748,usd
2026-09-21T08:59:50Z,mcat,coingecko,0.625784,usd
2026-09-21T08:59:50Z,ai2,coingecko,0.283838,usd
2026-09-21T08:59:20Z,trump,coingecko,0.00000415,usd
2026-09-21T09:09:10Z,xrp,coingecko,1.47,usd
2026-09-21T09:09:20Z,btc,coingecko,83991,usd
2026-09-21T09:09:20Z,doge,coingecko,0.091868,usd
2026-09-21T09:09:20Z,marscoin,coingecko,0.074734,usd
2026-09-21T09:09:20Z,mcat,coingecko,0.625749,usd
2026-09-21T09:09:20Z,ai2,coingecko,0.285123,usd
2026-09-21T09:09:20Z,trump,coingecko,0.00000414,usd
2026-09-21T09:19:10Z,xrp,coingecko,1.47,usd
2026-09-21T09:19:10Z,btc,coingecko,84003,usd
2026-09-21T09:19:10Z,doge,coingecko,0.091982,usd
2026-09-21T09:19:10Z,marscoin,coingecko,0.074744,usd
2026-09-21T09:19:10Z,mcat,coingecko,0.62672,usd
2026-09-21T09:19:10Z,ai2,coingecko,0.286773,usd
2026-09-21T09:19:00Z,trump,coingecko,0.00000416,usd
2026-09-21T09:29:50Z,xrp,coingecko,1.48,usd
2026-09-21T09:29:50Z,btc,coingecko,84458,usd
2026-09-21T09:30:10Z,doge,coingecko,0.092651,usd
2026-09-21T09:30:10Z,marscoin,coingecko,0.074755,usd
2026-09-21T09:30:10Z,mcat,coingecko,0.628176,usd
2026-09-21T09:30:10Z,ai2,coingecko,0.290337,usd
2026-09-21T09:30:10Z,trump,coingecko,0.00000419,usd
2026-09-21T09:39:00Z,xrp,coingecko,1.48,usd
2026-09-21T09:39:10Z,btc,coingecko,85046,usd
2026-09-21T09:39:30Z,doge,coingecko,0.094596,usd
2026-09-21T09:39:30Z,marscoin,coingecko,0.074758,usd
2026-09-21T09:39:10Z,mcat,coingecko,0.626581,usd
2026-09-21T09:39:10Z,ai2,coingecko,0.294808,usd
2026-09-21T09:39:00Z,trump,coingecko,0.00000423,usd
2026-09-21T09:49:00Z,xrp,coingecko,1.48,usd
2026-09-21T09:49:10Z,btc,coingecko,84935,usd
2026-09-21T09:49:10Z,doge,coingecko,0.093745,usd
2026-09-21T09:49:30Z,marscoin,coingecko,0.074763,usd
2026-09-21T09:49:30Z,mcat,coingecko,0.633143,usd
2026-09-21T09:49:30Z,ai2,coingecko,0.294781,usd
2026-09-21T09:49:00Z,trump,coingecko,0.00000421,usd
2026-09-21T09:59:30Z,xrp,coingecko,1.47,usd
2026-09-21T09:59:40Z,btc,coingecko,84625,usd
2026-09-21T09:59:30Z,doge,coingecko,0.092143,usd
2026-09-21T09:59:50Z,marscoin,coingecko,0.074743,usd
2026-09-21T09:59:50Z,mcat,coingecko,0.631226,usd
2026-09-21T09:59:50Z,ai2,coingecko,0.291079,usd
2026-09-21T09:59:50Z,trump,coingecko,0.00000413,usd
2026-09-21T10:09:10Z,xrp,coingecko,1.47,usd
2026-09-21T10:09:00Z,btc,coingecko,84536,usd
2026-09-21T10:09:00Z,doge,coingecko,0.091928,usd
2026-09-21T10:09:20Z,marscoin,coingecko,0.074759,usd
2026-09-21T10:09:20Z,mcat,coingecko,0.634366,usd
2026-09-21T10:09:20Z,ai2,coingecko,0.288523,usd
2026-09-21T10:09:20Z,trump,coingecko,0.00000411,usd
2026-09-21T10:19:10Z,xrp,coingecko,1.48,usd
2026-09-21T10:19:10Z,btc,coingecko,84603,usd
2026-09-21T10:19:10Z,doge,coingecko,0.092548,usd
2026-09-21T10:19:30Z,marscoin,coingecko,0.074745,usd
2026-09-21T10:19:20Z,mcat,coingecko,0.631581,usd
2026-09-21T10:19:20Z,ai2,coingecko,0.290705,usd
2026-09-21T10:19:30Z,trump,coingecko,0.00000415,usd
2026-09-21T10:29:40Z,xrp,coingecko,1.49,usd
2026-09-21T10:29:20Z,btc,coingecko,84406,usd
2026-09-21T10:29:40Z,doge,coingecko,0.09258,usd
2026-09-21T10:29:40Z,marscoin,coingecko,0.074742,usd
2026-09-21T10:29:40Z,mcat,coingecko,0.624049,usd
2026-09-21T10:29:40Z,ai2,coingecko,0.287094,usd
2026-09-21T10:29:40Z,trump,coingecko,0.00000416,usd
2026-09-21T10:39:10Z,xrp,coingecko,1.49,usd
2026-09-21T10:39:10Z,btc,coingecko,84179,usd
2026-09-21T10:39:10Z,doge,coingecko,0.092596,usd
2026-09-21T10:39:10Z,marscoin,coingecko,0.074744,usd
2026-09-21T10:39:10Z,mcat,coingecko,0.624874,usd
2026-09-21T10:39:10Z,ai2,coingecko,0.285741,usd
2026-09-21T10:39:00Z,trump,coingecko,0.00000417,usd
2026-09-21T10:49:10Z,xrp,coingecko,1.49,usd
2026-09-21T10:49:10Z,btc,coingecko,84191,usd
2026-09-21T10:49:20Z,doge,coingecko,0.092546,usd
2026-09-21T10:49:20Z,marscoin,coingecko,0.074746,usd
2026-09-21T10:49:20Z,mcat,coingecko,0.614249,usd
2026-09-21T10:49:20Z,ai2,coingecko,0.28585,usd
2026-09-21T10:49:00Z,trump,coingecko,0.00000418,usd
2026-09-21T10:59:10Z,xrp,coingecko,1.49,usd
2026-09-21T10:59:30Z,btc,coingecko,84402,usd
2026-09-21T10:59:30Z,doge,coingecko,0.092866,usd
2026-09-21T10:59:30Z,marscoin,coingecko,0.074748,usd
2026-09-21T10:59:30Z,mcat,coingecko,0.615015,usd
2026-09-21T10:59:30Z,ai2,coingecko,0.284962,usd
2026-09-21T10:59:30Z,trump,coingecko,0.00000419,usd
2026-09-21T11:02:10Z,xrp,coingecko,1.49,usd
2026-09-21T11:02:10Z,btc,coingecko,84441,usd
2026-09-21T11:02:50Z,doge,coingecko,0.092965,usd
2026-09-21T11:02:50Z,marscoin,coingecko,0.074753,usd
2026-09-21T11:02:50Z,mcat,coingecko,0.615852,usd
2026-09-21T11:02:50Z,ai2,coingecko,0.284574,usd
2026-09-21T11:02:10Z,trump,coingecko,0.0000042,usd
2026-09-21T11:09:20Z,xrp,coingecko,1.49,usd
2026-09-21T11:09:20Z,btc,coingecko,84530,usd
2026-09-21T11:09:20Z,doge,coingecko,0.093178,usd
2026-09-21T11:09:20Z,marscoin,coingecko,0.074739,usd
2026-09-21T11:09:20Z,mcat,coingecko,0.611453,usd
2026-09-21T11:09:20Z,ai2,coingecko,0.284452,usd
2026-09-21T11:09:00Z,trump,coingecko,0.00000419,usd
2026-09-21T11:19:00Z,xrp,coingecko,1.49,usd
2026-09-21T11:19:00Z,btc,coingecko,84549,usd
2026-09-21T11:19:30Z,doge,coingecko,0.093156,usd
2026-09-21T11:19:20Z,marscoin,coingecko,0.074741,usd
2026-09-21T11:19:10Z,mcat,coingecko,0.610611,usd
2026-09-21T11:19:10Z,ai2,coingecko,0.284891,usd
2026-09-21T11:19:20Z,trump,coingecko,0.0000042,usd
2026-09-21T11:29:20Z,xrp,coingecko,1.49,usd
2026-09-21T11:29:20Z,btc,coingecko,84661,usd
2026-09-21T11:29:10Z,doge,coingecko,0.09346,usd
2026-09-21T11:29:40Z,marscoin,coingecko,0.074736,usd
2026-09-21T11:29:40Z,mcat,coingecko,0.608244,usd
2026-09-21T11:29:40Z,ai2,coingecko,0.284857,usd
2026-09-21T11:29:40Z,trump,coingecko,0.00000422,usd
2026-09-21T11:39:10Z,xrp,coingecko,1.49,usd
2026-09-21T11:39:10Z,btc,coingecko,84723,usd
2026-09-21T11:39:10Z,doge,coingecko,0.093396,usd
2026-09-21T11:39:30Z,marscoin,coingecko,0.074751,usd
2026-09-21T11:39:30Z,mcat,coingecko,0.612997,usd
2026-09-21T11:39:10Z,ai2,coingecko,0.28557,usd
2026-09-21T11:39:30Z,trump,coingecko,0.00000423,usd
2026-09-21T11:49:00Z,xrp,coingecko,1.49,usd
2026-09-21T11:49:10Z,btc,coingecko,84799,usd
2026-09-21T11:49:20Z,doge,coingecko,0.093233,usd
2026-09-21T11:49:20Z,marscoin,coingecko,0.074729,usd
2026-09-21T11:49:20Z,mcat,coingecko,0.612436,usd
2026-09-21T11:49:20Z,ai2,coingecko,0.284786,usd
2026-09-21T11:49:00Z,trump,coingecko,0.00000424,usd
2026-09-21T11:59:30Z,xrp,coingecko,1.49,usd
2026-09-21T11:59:40Z,btc,coingecko,84813,usd
2026-09-21T11:59:30Z,doge,coingecko,0.093295,usd
2026-09-21T11:59:40Z,marscoin,coingecko,0.074732,usd
2026-09-21T11:59:40Z,mcat,coingecko,0.61366,usd
2026-09-21T11:59:40Z,ai2,coingecko,0.285904,usd
2026-09-21T11:59:30Z,trump,coingecko,0.00000422,usd
2026-09-21T12:09:20Z,xrp,coingecko,1.49,usd
2026-09-21T12:09:00Z,btc,coingecko,85111,usd
2026-09-21T12:09:20Z,doge,coingecko,0.093596,usd
2026-09-21T12:09:20Z,marscoin,coingecko,0.074714,usd
2026-09-21T12:09:20Z,mcat,coingecko,0.613638,usd
2026-09-21T12:09:20Z,ai2,coingecko,0.284827,usd
2026-09-21T12:09:10Z,trump,coingecko,0.00000423,usd
2026-09-21T12:19:10Z,xrp,coingecko,1.49,usd
2026-09-21T12:19:10Z,btc,coingecko,85160,usd
2026-09-21T12:19:10Z,doge,coingecko,0.093705,usd
2026-09-21T12:19:10Z,marscoin,coingecko,0.074707,usd
2026-09-21T12:19:10Z,mcat,coingecko,0.614881,usd
2026-09-21T12:19:10Z,ai2,coingecko,0.284558,usd
2026-09-21T12:19:10Z,trump,coingecko,0.00000424,usd
2026-09-21T12:29:30Z,xrp,coingecko,1.49,usd
2026-09-21T12:29:40Z,btc,coingecko,85048,usd
2026-09-21T12:29:40Z,doge,coingecko,0.093233,usd
2026-09-21T12:29:50Z,marscoin,coingecko,0.074725,usd
2026-09-21T12:29:50Z,mcat,coingecko,0.611278,usd
2026-09-21T12:29:40Z,ai2,coingecko,0.283306,usd
2026-09-21T12:29:50Z,trump,coingecko,0.00000422,usd
2026-09-21T12:39:00Z,xrp,coingecko,1.49,usd
2026-09-21T12:38:40Z,btc,coingecko,85291,usd
2026-09-21T12:38:40Z,doge,coingecko,0.093723,usd
2026-09-21T12:39:00Z,marscoin,coingecko,0.074734,usd
2026-09-21T12:38:40Z,mcat,coingecko,0.608853,usd
2026-09-21T12:38:40Z,ai2,coingecko,0.28371,usd
2026-09-21T12:38:40Z,trump,coingecko,0.00000424,usd
2026-09-21T12:48:50Z,xrp,coingecko,1.49,usd
2026-09-21T12:48:50Z,btc,coingecko,85228,usd
2026-09-21T12:48:50Z,doge,coingecko,0.09352,usd
2026-09-21T12:49:10Z,marscoin,coingecko,0.074727,usd
2026-09-21T12:49:10Z,mcat,coingecko,0.611709,usd
2026-09-21T12:49:10Z,ai2,coingecko,0.284368,usd
2026-09-21T12:49:10Z,trump,coingecko,0.00000424,usd
2026-09-21T12:59:30Z,xrp,coingecko,1.49,usd
2026-09-21T12:59:40Z,btc,coingecko,85325,usd
2026-09-21T12:59:50Z,doge,coingecko,0.093459,usd
2026-09-21T12:59:50Z,marscoin,coingecko,0.074736,usd
2026-09-21T12:59:50Z,mcat,coingecko,0.612736,usd
2026-09-21T12:59:50Z,ai2,coingecko,0.284966,usd
2026-09-21T12:59:50Z,trump,coingecko,0.00000428,usd
2026-09-21T13:09:20Z,xrp,coingecko,1.49,usd
2026-09-21T13:09:30Z,btc,coingecko,85329,usd
2026-09-21T13:09:30Z,doge,coingecko,0.094055,usd
2026-09-21T13:09:30Z,marscoin,coingecko,0.074737,usd
2026-09-21T13:09:30Z,mcat,coingecko,0.619439,usd
2026-09-21T13:09:30Z,ai2,coingecko,0.285698,usd
2026-09-21T13:09:30Z,trump,coingecko,0.00000431,usd
2026-09-21T13:19:20Z,xrp,coingecko,1.49,usd
2026-09-21T13:19:10Z,btc,coingecko,85145,usd
2026-09-21T13:19:10Z,doge,coingecko,0.094133,usd
2026-09-21T13:19:30Z,marscoin,coingecko,0.074719,usd
2026-09-21T13:19:20Z,mcat,coingecko,0.614254,usd
2026-09-21T13:19:20Z,ai2,coingecko,0.285261,usd
2026-09-21T13:19:20Z,trump,coingecko,0.00000429,usd
2026-09-21T13:29:40Z,xrp,coingecko,1.49,usd
2026-09-21T13:29:20Z,btc,coingecko,84941,usd
2026-09-21T13:29:40Z,doge,coingecko,0.09345,usd
2026-09-21T13:29:40Z,marscoin,coingecko,0.074728,usd
2026-09-21T13:29:40Z,mcat,coingecko,0.614438,usd
2026-09-21T13:29:40Z,ai2,coingecko,0.28336,usd
2026-09-21T13:29:40Z,trump,coingecko,0.00000427,usd
2026-09-21T13:39:10Z,xrp,coingecko,1.47,usd
2026-09-21T13:39:10Z,btc,coingecko,84902,usd
2026-09-21T13:39:20Z,doge,coingecko,0.092746,usd
2026-09-21T13:39:20Z,marscoin,coingecko,0.07474,usd
2026-09-21T13:39:20Z,mcat,coingecko,0.619771,usd
2026-09-21T13:39:20Z,ai2,coingecko,0.279921,usd
2026-09-21T13:39:00Z,trump,coingecko,0.00000423,usd
2026-09-21T13:49:10Z,xrp,coingecko,1.49,usd
2026-09-21T13:49:10Z,btc,coingecko,85357,usd
2026-09-21T13:49:20Z,doge,coingecko,0.093202,usd
2026-09-21T13:49:30Z,marscoin,coingecko,0.074745,usd
2026-09-21T13:49:30Z,mcat,coingecko,0.621854,usd
2026-09-21T13:49:30Z,ai2,coingecko,0.278818,usd
2026-09-21T13:49:30Z,trump,coingecko,0.00000428,usd
2026-09-21T13:59:40Z,xrp,coingecko,1.49,usd
2026-09-21T13:59:30Z,btc,coingecko,85431,usd
2026-09-21T13:59:40Z,doge,coingecko,0.093268,usd
2026-09-21T13:59:40Z,marscoin,coingecko,0.074758,usd
2026-09-21T13:59:40Z,mcat,coingecko,0.622671,usd
2026-09-21T13:59:40Z,ai2,coingecko,0.278499,usd
2026-09-21T13:59:30Z,trump,coingecko,0.0000043,usd
2026-09-21T14:09:00Z,xrp,coingecko,1.48,usd
2026-09-21T14:09:00Z,btc,coingecko,85138,usd
2026-09-21T14:09:00Z,doge,coingecko,0.092582,usd
2026-09-21T14:09:20Z,marscoin,coingecko,0.074769,usd
2026-09-21T14:09:20Z,mcat,coingecko,0.620609,usd
2026-09-21T14:09:20Z,ai2,coingecko,0.275689,usd
2026-09-21T14:09:20Z,trump,coingecko,0.00000431,usd
2026-09-21T14:19:20Z,xrp,coingecko,1.48,usd
2026-09-21T14:19:30Z,btc,coingecko,85375,usd
2026-09-21T14:19:10Z,doge,coingecko,0.093025,usd
2026-09-21T14:19:30Z,marscoin,coingecko,0.074757,usd
2026-09-21T14:19:30Z,mcat,coingecko,0.619085,usd
2026-09-21T14:19:30Z,ai2,coingecko,0.275564,usd
2026-09-21T14:19:30Z,trump,coingecko,0.00000436,usd
2026-09-21T14:29:40Z,xrp,coingecko,1.49,usd
2026-09-21T14:29:30Z,btc,coingecko,85698,usd
2026-09-21T14:29:30Z,doge,coingecko,0.093612,usd
2026-09-21T14:29:40Z,marscoin,coingecko,0.074766,usd
2026-09-21T14:29:40Z,mcat,coingecko,0.623957,usd
2026-09-21T14:29:40Z,ai2,coingecko,0.276164,usd
2026-09-21T14:29:40Z,trump,coingecko,0.00000442,usd
2026-09-21T14:39:10Z,xrp,coingecko,1.49,usd
2026-09-21T14:39:10Z,btc,coingecko,85839,usd
2026-09-21T14:39:20Z,doge,coingecko,0.093802,usd
2026-09-21T14:39:30Z,marscoin,coingecko,0.074768,usd
2026-09-21T14:39:30Z,mcat,coingecko,0.619111,usd
2026-09-21T14:39:30Z,ai2,coingecko,0.27611,usd
2026-09-21T14:39:10Z,trump,coingecko,0.00000443,usd
2026-09-21T14:49:20Z,xrp,coingecko,1.5,usd
2026-09-21T14:49:20Z,btc,coingecko,85898,usd
2026-09-21T14:49:00Z,doge,coingecko,0.093919,usd
2026-09-21T14:49:20Z,marscoin,coingecko,0.074767,usd
2026-09-21T14:48:50Z,mcat,coingecko,0.622075,usd
2026-09-21T14:49:20Z,ai2,coingecko,0.27648,usd
2026-09-21T14:49:20Z,trump,coingecko,0.00000452,usd
2026-09-21T14:59:40Z,xrp,coingecko,1.5,usd
2026-09-21T14:59:40Z,btc,coingecko,85817,usd
2026-09-21T14:59:50Z,doge,coingecko,0.094827,usd
2026-09-21T14:59:50Z,marscoin,coingecko,0.07479,usd
2026-09-21T14:59:50Z,mcat,coingecko,0.631745,usd
2026-09-21T14:59:50Z,ai2,coingecko,0.277919,usd
2026-09-21T14:59:50Z,trump,coingecko,0.00000477,usd
2026-09-21T15:09:00Z,xrp,coingecko,1.51,usd
2026-09-21T15:09:20Z,btc,coingecko,86189,usd
2026-09-21T15:09:20Z,doge,coingecko,0.097505,usd
2026-09-21T15:09:20Z,marscoin,coingecko,0.074817,usd
2026-09-21T15:09:00Z,mcat,coingecko,0.633485,usd
2026-09-21T15:09:00Z,ai2,coingecko,0.277348,usd
2026-09-21T15:09:00Z,trump,coingecko,0.00000483,usd
2026-09-21T15:19:30Z,xrp,coingecko,1.5,usd
2026-09-21T15:19:20Z,btc,coingecko,86155,usd
2026-09-21T15:19:10Z,doge,coingecko,0.096436,usd
2026-09-21T15:19:30Z,marscoin,coingecko,0.074838,usd
2026-09-21T15:19:30Z,mcat,coingecko,0.633047,usd
2026-09-21T15:19:30Z,ai2,coingecko,0.278673,usd
2026-09-21T15:19:30Z,trump,coingecko,0.0000048,usd
2026-09-21T15:29:40Z,xrp,coingecko,1.49,usd
2026-09-21T15:29:20Z,btc,coingecko,85826,usd
2026-09-21T15:29:20Z,doge,coingecko,0.09571,usd
2026-09-21T15:29:40Z,marscoin,coingecko,0.074806,usd
2026-09-21T15:29:40Z,mcat,coingecko,0.631716,usd
2026-09-21T15:29:40Z,ai2,coingecko,0.276106,usd
2026-09-21T15:29:40Z,trump,coingecko,0.00000473,usd
2026-09-21T15:39:10Z,xrp,coingecko,1.49,usd
2026-09-21T15:39:10Z,btc,coingecko,85912,usd
2026-09-21T15:39:10Z,doge,coingecko,0.096021,usd
2026-09-21T15:39:20Z,marscoin,coingecko,0.074811,usd
2026-09-21T15:39:20Z,mcat,coingecko,0.625175,usd
2026-09-21T15:39:20Z,ai2,coingecko,0.273808,usd
2026-09-21T15:39:00Z,trump,coingecko,0.00000488,usd
2026-09-21T15:49:10Z,xrp,coingecko,1.5,usd
2026-09-21T15:49:10Z,btc,coingecko,86082,usd
2026-09-21T15:49:10Z,doge,coingecko,0.097393,usd
2026-09-21T15:49:20Z,marscoin,coingecko,0.074832,usd
2026-09-21T15:49:10Z,mcat,coingecko,0.623805,usd
2026-09-21T15:49:10Z,ai2,coingecko,0.272991,usd
2026-09-21T15:49:20Z,trump,coingecko,0.00000499,usd
2026-09-21T15:59:50Z,xrp,coingecko,1.49,usd
2026-09-21T15:59:50Z,btc,coingecko,85928,usd
2026-09-21T15:59:50Z,doge,coingecko,0.09729,usd
2026-09-21T15:59:50Z,marscoin,coingecko,0.074831,usd
2026-09-21T15:59:40Z,mcat,coingecko,0.621387,usd
2026-09-21T15:59:40Z,ai2,coingecko,0.272022,usd
2026-09-21T15:59:50Z,trump,coingecko,0.00000507,usd
2026-09-21T16:08:50Z,xrp,coingecko,1.5,usd
2026-09-21T16:08:50Z,btc,coingecko,85739,usd
2026-09-21T16:08:50Z,doge,coingecko,0.097068,usd
2026-09-21T16:09:00Z,marscoin,coingecko,0.074837,usd
2026-09-21T16:08:50Z,mcat,coingecko,0.625664,usd
2026-09-21T16:08:50Z,ai2,coingecko,0.267711,usd
2026-09-21T16:09:00Z,trump,coingecko,0.000005,usd
2026-09-21T16:18:50Z,xrp,coingecko,1.5,usd
2026-09-21T16:18:50Z,btc,coingecko,85798,usd
2026-09-21T16:18:50Z,doge,coingecko,0.097174,usd
2026-09-21T16:19:00Z,marscoin,coingecko,0.074828,usd
2026-09-21T16:19:00Z,mcat,coingecko,0.625592,usd
2026-09-21T16:19:00Z,ai2,coingecko,0.27322,usd
2026-09-21T16:19:00Z,trump,coingecko,0.00000491,usd
2026-09-21T16:29:10Z,xrp,coingecko,1.49,usd
2026-09-21T16:29:20Z,btc,coingecko,85864,usd
2026-09-21T16:29:20Z,doge,coingecko,0.096467,usd
2026-09-21T16:29:20Z,marscoin,coingecko,0.074813,usd
2026-09-21T16:29:20Z,mcat,coingecko,0.630616,usd
2026-09-21T16:29:20Z,ai2,coingecko,0.269481,usd
2026-09-21T16:29:20Z,trump,coingecko,0.0000049,usd
2026-09-21T16:38:50Z,xrp,coingecko,1.48,usd
2026-09-21T16:38:40Z,btc,coingecko,85703,usd
2026-09-21T16:38:50Z,doge,coingecko,0.095568,usd
2026-09-21T16:38:50Z,marscoin,coingecko,0.074783,usd
2026-09-21T16:38:50Z,mcat,coingecko,0.638806,usd
2026-09-21T16:38:50Z,ai2,coingecko,0.265012,usd
2026-09-21T16:38:40Z,trump,coingecko,0.00000484,usd
2026-09-21T16:49:10Z,xrp,coingecko,1.49,usd
2026-09-21T16:49:10Z,btc,coingecko,85977,usd
2026-09-21T16:49:10Z,doge,coingecko,0.09659,usd
2026-09-21T16:49:20Z,marscoin,coingecko,0.074811,usd
2026-09-21T16:49:10Z,mcat,coingecko,0.632687,usd
2026-09-21T16:49:10Z,ai2,coingecko,0.260708,usd
2026-09-21T16:49:00Z,trump,coingecko,0.00000494,usd
2026-09-21T16:58:20Z,xrp,coingecko,1.49,usd
2026-09-21T16:58:20Z,btc,coingecko,86013,usd
2026-09-21T16:58:00Z,doge,coingecko,0.096888,usd
2026-09-21T16:58:20Z,marscoin,coingecko,0.074901,usd
2026-09-21T16:58:20Z,mcat,coingecko,0.639199,usd
2026-09-21T16:58:20Z,ai2,coingecko,0.265405,usd
2026-09-21T16:58:20Z,trump,coingecko,0.00000493,usd
2026-09-21T17:09:00Z,xrp,coingecko,1.5,usd
2026-09-21T17:09:10Z,btc,coingecko,86086,usd
2026-09-21T17:09:10Z,doge,coingecko,0.09789,usd
2026-09-21T17:09:10Z,marscoin,coingecko,0.07488,usd
2026-09-21T17:09:10Z,mcat,coingecko,0.638096,usd
2026-09-21T17:09:10Z,ai2,coingecko,0.265009,usd
2026-09-21T17:09:10Z,trump,coingecko,0.00000497,usd
2026-09-21T17:19:00Z,xrp,coingecko,1.49,usd
2026-09-21T17:19:10Z,btc,coingecko,85787,usd
2026-09-21T17:19:10Z,doge,coingecko,0.097065,usd
2026-09-21T17:19:10Z,marscoin,coingecko,0.074842,usd
2026-09-21T17:19:10Z,mcat,coingecko,0.636387,usd
2026-09-21T17:19:10Z,ai2,coingecko,0.267723,usd
2026-09-21T17:19:00Z,trump,coingecko,0.00000493,usd
2026-09-21T17:29:10Z,xrp,coingecko,1.5,usd
2026-09-21T17:29:40Z,btc,coingecko,85915,usd
2026-09-21T17:29:40Z,doge,coingecko,0.09795,usd
2026-09-21T17:29:40Z,marscoin,coingecko,0.074843,usd
2026-09-21T17:29:30Z,mcat,coingecko,0.636244,usd
2026-09-21T17:29:30Z,ai2,coingecko,0.264823,usd
2026-09-21T17:29:10Z,trump,coingecko,0.00000496,usd
2026-09-21T17:39:10Z,xrp,coingecko,1.5,usd
2026-09-21T17:39:10Z,btc,coingecko,85932,usd
2026-09-21T17:39:00Z,doge,coingecko,0.098459,usd
2026-09-21T17:39:20Z,marscoin,coingecko,0.074853,usd
2026-09-21T17:39:20Z,mcat,coingecko,0.637893,usd
2026-09-21T17:39:20Z,ai2,coingecko,0.255985,usd
2026-09-21T17:39:10Z,trump,coingecko,0.00000498,usd
2026-09-21T17:49:10Z,xrp,coingecko,1.5,usd
2026-09-21T17:49:10Z,btc,coingecko,85842,usd
2026-09-21T17:49:10Z,doge,coingecko,0.097601,usd
2026-09-21T17:49:10Z,marscoin,coingecko,0.07485,usd
2026-09-21T17:49:10Z,mcat,coingecko,0.638371,usd
2026-09-21T17:49:10Z,ai2,coingecko,0.252775,usd
2026-09-21T17:49:10Z,trump,coingecko,0.00000493,usd
2026-09-21T17:59:20Z,xrp,coingecko,1.49,usd
2026-09-21T17:59:20Z,btc,coingecko,85862,usd
2026-09-21T17:59:20Z,doge,coingecko,0.097226,usd
2026-09-21T17:59:20Z,marscoin,coingecko,0.074853,usd
2026-09-21T17:59:20Z,mcat,coingecko,0.645914,usd
2026-09-21T17:59:20Z,ai2,coingecko,0.242532,usd
2026-09-21T17:59:20Z,trump,coingecko,0.00000489,usd
2026-09-21T18:09:20Z,xrp,coingecko,1.5,usd
2026-09-21T18:09:00Z,btc,coingecko,85923,usd
2026-09-21T18:09:00Z,doge,coingecko,0.097486,usd
2026-09-21T18:09:20Z,marscoin,coingecko,0.074843,usd
2026-09-21T18:09:20Z,mcat,coingecko,0.641356,usd
2026-09-21T18:09:20Z,ai2,coingecko,0.248223,usd
2026-09-21T18:09:20Z,trump,coingecko,0.00000489,usd
2026-09-21T18:19:10Z,xrp,coingecko,1.51,usd
2026-09-21T18:19:10Z,btc,coingecko,86035,usd
2026-09-21T18:19:00Z,doge,coingecko,0.099096,usd
2026-09-21T18:19:10Z,marscoin,coingecko,0.074838,usd
2026-09-21T18:19:00Z,mcat,coingecko,0.64223,usd
2026-09-21T18:19:00Z,ai2,coingecko,0.247021,usd
2026-09-21T18:19:10Z,trump,coingecko,0.00000498,usd
2026-09-21T18:29:20Z,xrp,coingecko,1.5,usd
2026-09-21T18:29:20Z,btc,coingecko,85913,usd
2026-09-21T18:29:20Z,doge,coingecko,0.098915,usd
2026-09-21T18:29:40Z,marscoin,coingecko,0.074827,usd
2026-09-21T18:29:40Z,mcat,coingecko,0.660049,usd
2026-09-21T18:29:40Z,ai2,coingecko,0.249898,usd
2026-09-21T18:29:20Z,trump,coingecko,0.00000499,usd
2026-09-21T18:39:10Z,xrp,coingecko,1.51,usd
2026-09-21T18:39:10Z,btc,coingecko,85890,usd
2026-09-21T18:39:10Z,doge,coingecko,0.099167,usd
2026-09-21T18:39:20Z,marscoin,coingecko,0.074817,usd
2026-09-21T18:39:20Z,mcat,coingecko,0.662304,usd
2026-09-21T18:39:20Z,ai2,coingecko,0.249783,usd
2026-09-21T18:39:10Z,trump,coingecko,0.00000504,usd
2026-09-21T18:49:20Z,xrp,coingecko,1.5,usd
2026-09-21T18:49:20Z,btc,coingecko,85953,usd
2026-09-21T18:49:40Z,doge,coingecko,0.09936,usd
2026-09-21T18:49:40Z,marscoin,coingecko,0.074811,usd
2026-09-21T18:49:40Z,mcat,coingecko,0.667372,usd
2026-09-21T18:49:40Z,ai2,coingecko,0.246896,usd
2026-09-21T18:49:40Z,trump,coingecko,0.00000495,usd
2026-09-21T18:59:50Z,xrp,coingecko,1.51,usd
2026-09-21T18:59:50Z,btc,coingecko,86049,usd
2026-09-21T18:59:30Z,doge,coingecko,0.099703,usd
2026-09-21T18:59:50Z,marscoin,coingecko,0.074808,usd
2026-09-21T18:59:50Z,mcat,coingecko,0.663951,usd
2026-09-21T18:59:50Z,ai2,coingecko,0.242809,usd
2026-09-21T18:59:50Z,trump,coingecko,0.00000499,usd
2026-09-21T19:09:20Z,xrp,coingecko,1.5,usd
2026-09-21T19:08:50Z,btc,coingecko,86029,usd
2026-09-21T19:09:20Z,doge,coingecko,0.098648,usd
2026-09-21T19:09:20Z,marscoin,coingecko,0.074801,usd
2026-09-21T19:09:20Z,mcat,coingecko,0.661386,usd
2026-09-21T19:09:20Z,ai2,coingecko,0.242091,usd
2026-09-21T19:08:50Z,trump,coingecko,0.00000496,usd
2026-09-21T19:19:00Z,xrp,coingecko,1.51,usd
2026-09-21T19:19:00Z,btc,coingecko,86223,usd
2026-09-21T19:19:20Z,doge,coingecko,0.098974,usd
2026-09-21T19:19:20Z,marscoin,coingecko,0.074815,usd
2026-09-21T19:19:20Z,mcat,coingecko,0.66089,usd
2026-09-21T19:19:20Z,ai2,coingecko,0.24004,usd
2026-09-21T19:19:00Z,trump,coingecko,0.00000499,usd
2026-09-21T19:29:20Z,xrp,coingecko,1.5,usd
2026-09-21T19:29:20Z,btc,coingecko,86318,usd
2026-09-21T19:29:20Z,doge,coingecko,0.097886,usd
2026-09-21T19:29:20Z,marscoin,coingecko,0.074816,usd
2026-09-21T19:29:20Z,mcat,coingecko,0.669371,usd
2026-09-21T19:29:20Z,ai2,coingecko,0.23578,usd
2026-09-21T19:29:20Z,trump,coingecko,0.00000491,usd
2026-09-21T19:39:30Z,xrp,coingecko,1.5,usd
2026-09-21T19:39:30Z,btc,coingecko,86588,usd
2026-09-21T19:39:20Z,doge,coingecko,0.098203,usd
2026-09-21T19:39:40Z,marscoin,coingecko,0.074824,usd
2026-09-21T19:39:20Z,mcat,coingecko,0.661513,usd
2026-09-21T19:39:20Z,ai2,coingecko,0.23898,usd
2026-09-21T19:39:30Z,trump,coingecko,0.00000494,usd
2026-09-21T19:48:50Z,xrp,coingecko,1.51,usd
2026-09-21T19:49:20Z,btc,coingecko,86495,usd
2026-09-21T19:49:00Z,doge,coingecko,0.098088,usd
2026-09-21T19:49:20Z,marscoin,coingecko,0.074834,usd
2026-09-21T19:49:20Z,mcat,coingecko,0.665042,usd
2026-09-21T19:48:50Z,ai2,coingecko,0.242935,usd
2026-09-21T19:49:20Z,trump,coingecko,0.00000498,usd
2026-09-21T19:59:40Z,xrp,coingecko,1.51,usd
2026-09-21T19:59:40Z,btc,coingecko,86560,usd
2026-09-21T19:59:40Z,doge,coingecko,0.098403,usd
2026-09-21T19:59:40Z,marscoin,coingecko,0.074828,usd
2026-09-21T19:59:40Z,mcat,coingecko,0.662693,usd
2026-09-21T19:59:40Z,ai2,coingecko,0.245063,usd
2026-09-21T19:59:40Z,trump,coingecko,0.00000497,usd
2026-09-21T20:09:10Z,xrp,coingecko,1.51,usd
2026-09-21T20:09:00Z,btc,coingecko,86726,usd
2026-09-21T20:09:00Z,doge,coingecko,0.098985,usd
2026-09-21T20:09:20Z,marscoin,coingecko,0.074836,usd
2026-09-21T20:09:20Z,mcat,coingecko,0.663627,usd
2026-09-21T20:09:20Z,ai2,coingecko,0.248992,usd
2026-09-21T20:09:00Z,trump,coingecko,0.000005,usd
2026-09-21T20:19:10Z,xrp,coingecko,1.52,usd
2026-09-21T20:19:10Z,btc,coingecko,86914,usd
2026-09-21T20:19:10Z,doge,coingecko,0.1,usd
2026-09-21T20:19:20Z,marscoin,coingecko,0.074834,usd
2026-09-21T20:19:20Z,mcat,coingecko,0.664673,usd
2026-09-21T20:19:20Z,ai2,coingecko,0.253575,usd
2026-09-21T20:19:20Z,trump,coingecko,0.00000496,usd
2026-09-21T20:29:10Z,xrp,coingecko,1.52,usd
2026-09-21T20:29:30Z,btc,coingecko,87264,usd
2026-09-21T20:29:30Z,doge,coingecko,0.100113,usd
2026-09-21T20:29:30Z,marscoin,coingecko,0.074836,usd
2026-09-21T20:29:20Z,mcat,coingecko,0.665308,usd
2026-09-21T20:29:20Z,ai2,coingecko,0.255859,usd
2026-09-21T20:29:20Z,trump,coingecko,0.00000495,usd
2026-09-21T20:39:20Z,xrp,coingecko,1.53,usd
2026-09-21T20:39:20Z,btc,coingecko,87006,usd
2026-09-21T20:39:40Z,doge,coingecko,0.099485,usd
2026-09-21T20:39:40Z,marscoin,coingecko,0.074809,usd
2026-09-21T20:39:40Z,mcat,coingecko,0.666697,usd
2026-09-21T20:39:40Z,ai2,coingecko,0.253504,usd
2026-09-21T20:39:40Z,trump,coingecko,0.00000489,usd
2026-09-21T20:49:10Z,xrp,coingecko,1.53,usd
2026-09-21T20:49:20Z,btc,coingecko,86883,usd
2026-09-21T20:49:20Z,doge,coingecko,0.099851,usd
2026-09-21T20:49:30Z,marscoin,coingecko,0.074807,usd
2026-09-21T20:49:30Z,mcat,coingecko,0.665667,usd
2026-09-21T20:49:30Z,ai2,coingecko,0.254612,usd
2026-09-21T20:49:30Z,trump,coingecko,0.00000491,usd
2026-09-21T20:59:50Z,xrp,coingecko,1.53,usd
2026-09-21T20:59:20Z,btc,coingecko,86968,usd
2026-09-21T20:59:50Z,doge,coingecko,0.100169,usd
2026-09-21T20:59:50Z,marscoin,coingecko,0.074804,usd
2026-09-21T20:59:50Z,mcat,coingecko,0.660449,usd
2026-09-21T20:59:50Z,ai2,coingecko,0.250688,usd
2026-09-21T20:59:40Z,trump,coingecko,0.00000491,usd
2026-09-21T21:09:50Z,xrp,coingecko,1.52,usd
2026-09-21T21:09:30Z,btc,coingecko,86639,usd
2026-09-21T21:09:30Z,doge,coingecko,0.098883,usd
2026-09-21T21:09:50Z,marscoin,coingecko,0.074813,usd
2026-09-21T21:09:30Z,mcat,coingecko,0.660058,usd
2026-09-21T21:09:50Z,ai2,coingecko,0.251938,usd
2026-09-21T21:09:30Z,trump,coingecko,0.00000486,usd
2026-09-21T21:19:10Z,xrp,coingecko,1.53,usd
2026-09-21T21:19:20Z,btc,coingecko,86637,usd
2026-09-21T21:19:20Z,doge,coingecko,0.099076,usd
2026-09-21T21:19:20Z,marscoin,coingecko,0.074803,usd
2026-09-21T21:19:00Z,mcat,coingecko,0.667593,usd
2026-09-21T21:19:00Z,ai2,coingecko,0.252987,usd
2026-09-21T21:19:20Z,trump,coingecko,0.00000483,usd
2026-09-21T23:39:40Z,xrp,coingecko,1.54,usd
2026-09-21T23:40:00Z,btc,coingecko,86433,usd
2026-09-21T23:39:40Z,doge,coingecko,0.099548,usd
2026-09-21T23:40:00Z,marscoin,coingecko,0.074804,usd
2026-09-21T23:40:00Z,mcat,coingecko,0.735491,usd
2026-09-21T23:40:00Z,ai2,coingecko,0.24822,usd
2026-09-21T23:40:00Z,trump,coingecko,0.00000473,usd
2026-09-22T01:50:50Z,xrp,coingecko,1.51,usd
2026-09-22T01:50:50Z,btc,coingecko,85564,usd
2026-09-22T01:50:50Z,doge,coingecko,0.09955,usd
2026-09-22T01:50:50Z,marscoin,coingecko,0.075001,usd
2026-09-22T01:50:50Z,mcat,coingecko,0.715985,usd
2026-09-22T01:50:50Z,ai2,coingecko,0.248023,usd
2026-09-22T01:50:50Z,trump,coingecko,0.00000507,usd
2026-09-22T06:50:40Z,xrp,coingecko,1.52,usd
2026-09-22T06:50:30Z,btc,coingecko,85441,usd
2026-09-22T06:50:40Z,doge,coingecko,0.100155,usd
2026-09-22T06:50:40Z,marscoin,coingecko,0.075133,usd
2026-09-22T06:50:40Z,mcat,coingecko,0.70951,usd
2026-09-22T06:50:40Z,ai2,coingecko,0.237636,usd
2026-09-22T06:50:40Z,trump,coingecko,0.00000514,usd
2026-09-22T12:04:40Z,xrp,coingecko,1.54,usd
2026-09-22T12:04:40Z,btc,coingecko,85945,usd
2026-09-22T12:04:40Z,doge,coingecko,0.097985,usd
2026-09-22T12:04:50Z,marscoin,coingecko,0.074819,usd
2026-09-22T12:04:50Z,mcat,coingecko,0.732968,usd
2026-09-22T12:04:50Z,ai2,coingecko,0.245349,usd
2026-09-22T12:04:30Z,trump,coingecko,0.0000049,usd
2026-09-22T16:50:20Z,xrp,coingecko,1.56,usd
2026-09-22T16:50:30Z,btc,coingecko,86356,usd
2026-09-22T16:50:20Z,doge,coingecko,0.099341,usd
2026-09-22T16:50:30Z,marscoin,coingecko,0.07453,usd
2026-09-22T16:50:30Z,mcat,coingecko,0.806174,usd
2026-09-22T16:50:30Z,ai2,coingecko,0.23955,usd
2026-09-22T16:50:30Z,trump,coingecko,0.00000483,usd
2026-09-22T19:53:30Z,xrp,coingecko,1.58,usd
2026-09-22T19:53:10Z,btc,coingecko,86284,usd
2026-09-22T19:53:20Z,doge,coingecko,0.099821,usd
2026-09-22T19:53:30Z,marscoin,coingecko,0.074605,usd
2026-09-22T19:53:30Z,mcat,coingecko,0.810522,usd
2026-09-22T19:53:30Z,ai2,coingecko,0.23762,usd
2026-09-22T19:53:20Z,trump,coingecko,0.00000488,usd
2026-09-22T22:41:40Z,xrp,coingecko,1.58,usd
2026-09-22T22:41:40Z,btc,coingecko,86237,usd
2026-09-22T22:41:20Z,doge,coingecko,0.100798,usd
2026-09-22T22:41:40Z,marscoin,coingecko,0.074645,usd
2026-09-22T22:41:40Z,mcat,coingecko,0.864147,usd
2026-09-22T22:41:40Z,ai2,coingecko,0.271698,usd
2026-09-22T22:41:40Z,trump,coingecko,0.00000495,usd
2026-09-23T00:55:10Z,xrp,coingecko,1.59,usd
2026-09-23T00:55:10Z,btc,coingecko,86453,usd
2026-09-23T00:55:00Z,doge,coingecko,0.100827,usd
2026-09-23T00:55:20Z,marscoin,coingecko,0.074713,usd
2026-09-23T00:55:20Z,mcat,coingecko,0.89503,usd
2026-09-23T00:55:20Z,ai2,coingecko,0.276275,usd
2026-09-23T00:55:00Z,trump,coingecko,0.00000492,usd
2026-09-23T05:27:10Z,xrp,coingecko,1.62,usd
2026-09-23T05:27:20Z,btc,coingecko,86810,usd
2026-09-23T05:27:30Z,doge,coingecko,0.102206,usd
2026-09-23T05:27:30Z,marscoin,coingecko,0.075091,usd
2026-09-23T05:27:30Z,mcat,coingecko,0.893637,usd
2026-09-23T05:27:30Z,ai2,coingecko,0.276672,usd
2026-09-23T05:27:30Z,trump,coingecko,0.00000499,usd
2026-09-23T10:10:40Z,xrp,coingecko,1.59,usd
2026-09-23T10:10:50Z,btc,coingecko,85822,usd
2026-09-23T10:10:40Z,doge,coingecko,0.099699,usd
2026-09-23T10:11:00Z,marscoin,coingecko,0.075076,usd
2026-09-23T10:11:00Z,mcat,coingecko,0.874263,usd
2026-09-23T10:11:00Z,ai2,coingecko,0.269649,usd
2026-09-23T10:10:40Z,trump,coingecko,0.00000485,usd
2026-09-23T14:58:00Z,xrp,coingecko,1.53,usd
2026-09-23T14:58:00Z,btc,coingecko,84486,usd
2026-09-23T14:58:00Z,doge,coingecko,0.094876,usd
2026-09-23T14:58:00Z,marscoin,coingecko,0.074566,usd
2026-09-23T14:58:00Z,mcat,coingecko,0.834226,usd
2026-09-23T14:58:00Z,ai2,coingecko,0.250673,usd
2026-09-23T14:58:00Z,trump,coingecko,0.00000454,usd
2026-09-23T18:51:30Z,xrp,coingecko,1.5,usd
2026-09-23T18:51:00Z,btc,coingecko,84332,usd
2026-09-23T18:51:30Z,doge,coingecko,0.092273,usd
2026-09-23T18:51:30Z,marscoin,coingecko,0.074585,usd
2026-09-23T18:51:30Z,mcat,coingecko,0.766574,usd
2026-09-23T18:51:30Z,ai2,coingecko,0.239874,usd
2026-09-23T18:51:30Z,trump,coingecko,0.0000044,usd
2026-09-23T22:00:10Z,xrp,coingecko,1.5,usd
2026-09-23T22:00:00Z,btc,coingecko,84412,usd
2026-09-23T22:00:10Z,doge,coingecko,0.092512,usd
2026-09-23T22:00:20Z,marscoin,coingecko,0.074659,usd
2026-09-23T22:00:20Z,mcat,coingecko,0.837069,usd
2026-09-23T22:00:20Z,ai2,coingecko,0.240204,usd
2026-09-23T22:00:10Z,trump,coingecko,0.00000438,usd
2026-09-24T00:20:30Z,xrp,coingecko,1.5,usd
2026-09-24T00:20:30Z,btc,coingecko,84415,usd
2026-09-24T00:20:30Z,doge,coingecko,0.093036,usd
2026-09-24T00:20:50Z,marscoin,coingecko,0.074833,usd
2026-09-24T00:20:50Z,mcat,coingecko,0.821926,usd
2026-09-24T00:20:50Z,ai2,coingecko,0.234299,usd
2026-09-24T00:20:30Z,trump,coingecko,0.00000435,usd
2026-09-24T05:02:30Z,xrp,coingecko,1.51,usd
2026-09-24T05:02:10Z,btc,coingecko,84086,usd
2026-09-24T05:02:20Z,doge,coingecko,0.094399,usd
2026-09-24T05:02:30Z,marscoin,coingecko,0.074708,usd
2026-09-24T05:02:30Z,mcat,coingecko,0.778322,usd
2026-09-24T05:02:30Z,ai2,coingecko,0.237693,usd
2026-09-24T05:02:10Z,trump,coingecko,0.00000442,usd
2026-09-24T09:54:20Z,xrp,coingecko,1.46,usd
2026-09-24T09:54:30Z,btc,coingecko,83199,usd
2026-09-24T09:54:20Z,doge,coingecko,0.091962,usd
2026-09-24T09:54:50Z,marscoin,coingecko,0.074361,usd
2026-09-24T09:54:50Z,mcat,coingecko,0.744282,usd
2026-09-24T09:54:50Z,ai2,coingecko,0.228848,usd
2026-09-24T09:54:30Z,trump,coingecko,0.00000425,usd
2026-09-24T14:35:40Z,xrp,coingecko,1.52,usd
2026-09-24T14:36:00Z,btc,coingecko,84695,usd
2026-09-24T14:35:40Z,doge,coingecko,0.095899,usd
2026-09-24T14:36:10Z,marscoin,coingecko,0.0745,usd
2026-09-24T14:36:10Z,mcat,coingecko,0.72397,usd
2026-09-24T14:36:10Z,ai2,coingecko,0.231802,usd
2026-09-24T14:35:40Z,trump,coingecko,0.00000452,usd
2026-09-24T18:37:00Z,xrp,coingecko,1.53,usd
2026-09-24T18:37:10Z,btc,coingecko,84291,usd
2026-09-24T18:37:00Z,doge,coingecko,0.096336,usd
2026-09-24T18:37:10Z,marscoin,coingecko,0.074503,usd
2026-09-24T18:37:10Z,mcat,coingecko,0.754361,usd
2026-09-24T18:37:10Z,ai2,coingecko,0.220699,usd
2026-09-24T18:37:10Z,trump,coingecko,0.00000446,usd
2026-09-24T21:44:40Z,xrp,coingecko,1.54,usd
2026-09-24T21:44:40Z,btc,coingecko,84454,usd
2026-09-24T21:44:40Z,doge,coingecko,0.096203,usd
2026-09-24T21:44:50Z,marscoin,coingecko,0.074496,usd
2026-09-24T21:44:50Z,mcat,coingecko,0.745679,usd
2026-09-24T21:44:50Z,ai2,coingecko,0.219924,usd
2026-09-24T21:44:50Z,trump,coingecko,0.00000447,usd
2026-09-25T00:00:40Z,xrp,coingecko,1.53,usd
2026-09-25T00:00:50Z,btc,coingecko,84388,usd
2026-09-25T00:00:40Z,doge,coingecko,0.09578,usd
2026-09-25T00:01:00Z,marscoin,coingecko,0.074483,usd
2026-09-25T00:01:00Z,mcat,coingecko,0.732998,usd
2026-09-25T00:01:00Z,ai2,coingecko,0.226492,usd
2026-09-25T00:00:50Z,trump,coingecko,0.00000442,usd
2026-09-25T04:42:30Z,xrp,coingecko,1.54,usd
2026-09-25T04:42:50Z,btc,coingecko,84261,usd
2026-09-25T04:42:20Z,doge,coingecko,0.095744,usd
2026-09-25T04:42:50Z,marscoin,coingecko,0.074424,usd
2026-09-25T04:42:50Z,mcat,coingecko,0.768905,usd
2026-09-25T04:42:50Z,ai2,coingecko,0.216678,usd
2026-09-25T04:42:20Z,trump,coingecko,0.00000444,usd
2026-09-25T09:48:50Z,xrp,coingecko,1.56,usd
2026-09-25T09:48:40Z,btc,coingecko,84604,usd
2026-09-25T09:48:40Z,doge,coingecko,0.096708,usd
2026-09-25T09:48:50Z,marscoin,coingecko,0.074375,usd
2026-09-25T09:48:50Z,mcat,coingecko,0.756148,usd
2026-09-25T09:48:50Z,ai2,coingecko,0.233734,usd
2026-09-25T09:48:50Z,trump,coingecko,0.00000449,usd
2026-09-25T14:44:40Z,xrp,coingecko,1.58,usd
2026-09-25T14:44:30Z,btc,coingecko,83700,usd
2026-09-25T14:44:30Z,doge,coingecko,0.096915,usd
2026-09-25T14:44:50Z,marscoin,coingecko,0.074385,usd
2026-09-25T14:44:50Z,mcat,coingecko,0.762928,usd
2026-09-25T14:44:50Z,ai2,coingecko,0.239044,usd
2026-09-25T14:44:40Z,trump,coingecko,0.00000447,usd
2026-09-25T18:54:30Z,xrp,coingecko,1.57,usd
2026-09-25T18:54:30Z,btc,coingecko,83930,usd
2026-09-25T18:54:50Z,doge,coingecko,0.097611,usd
2026-09-25T18:54:50Z,marscoin,coingecko,0.074497,usd
2026-09-25T18:54:50Z,mcat,coingecko,0.765188,usd
2026-09-25T18:54:50Z,ai2,coingecko,0.243909,usd
2026-09-25T18:54:30Z,trump,coingecko,0.00000448,usd
2026-09-25T21:56:50Z,xrp,coingecko,1.55,usd
2026-09-25T21:57:00Z,btc,coingecko,83832,usd
2026-09-25T21:57:00Z,doge,coingecko,0.0977,usd
2026-09-25T21:57:00Z,marscoin,coingecko,0.074558,usd
2026-09-25T21:57:00Z,mcat,coingecko,0.760271,usd
2026-09-25T21:57:00Z,ai2,coingecko,0.263085,usd
2026-09-25T21:57:00Z,trump,coingecko,0.00000443,usd
2026-09-26T00:20:20Z,xrp,coingecko,1.56,usd
2026-09-26T00:20:20Z,btc,coingecko,84037,usd
2026-09-26T00:20:20Z,doge,coingecko,0.098903,usd
2026-09-26T00:20:30Z,marscoin,coingecko,0.074602,usd
2026-09-26T00:20:30Z,mcat,coingecko,0.786877,usd
2026-09-26T00:20:30Z,ai2,coingecko,0.262385,usd
2026-09-26T00:20:20Z,trump,coingecko,0.00000449,usd
2026-09-26T05:08:10Z,xrp,coingecko,1.56,usd
2026-09-26T05:08:30Z,btc,coingecko,83989,usd
2026-09-26T05:08:10Z,doge,coingecko,0.097876,usd
2026-09-26T05:08:30Z,marscoin,coingecko,0.074606,usd
2026-09-26T05:08:30Z,mcat,coingecko,0.786089,usd
2026-09-26T05:08:30Z,ai2,coingecko,0.254285,usd
2026-09-26T05:08:30Z,trump,coingecko,0.00000448,usd
2026-09-26T09:48:30Z,xrp,coingecko,1.54,usd
2026-09-26T09:48:20Z,btc,coingecko,84010,usd
2026-09-26T09:48:30Z,doge,coingecko,0.097095,usd
2026-09-26T09:48:40Z,marscoin,coingecko,0.074541,usd
2026-09-26T09:48:40Z,mcat,coingecko,0.764092,usd
2026-09-26T09:48:40Z,ai2,coingecko,0.257735,usd
2026-09-26T09:48:20Z,trump,coingecko,0.00000441,usd
2026-09-26T13:53:20Z,xrp,coingecko,1.54,usd
2026-09-26T13:53:10Z,btc,coingecko,83921,usd
2026-09-26T13:53:20Z,doge,coingecko,0.097118,usd
2026-09-26T13:53:20Z,marscoin,coingecko,0.074515,usd
2026-09-26T13:53:20Z,mcat,coingecko,0.745465,usd
2026-09-26T13:53:20Z,ai2,coingecko,0.265495,usd
2026-09-26T13:53:00Z,trump,coingecko,0.00000438,usd
2026-09-26T17:34:40Z,xrp,coingecko,1.53,usd
2026-09-26T17:34:30Z,btc,coingecko,84039,usd
2026-09-26T17:34:40Z,doge,coingecko,0.097709,usd
2026-09-26T17:34:40Z,marscoin,coingecko,0.074505,usd
2026-09-26T17:34:40Z,mcat,coingecko,0.772857,usd
2026-09-26T17:34:40Z,ai2,coingecko,0.248966,usd
2026-09-26T17:34:40Z,trump,coingecko,0.00000442,usd
2026-09-26T20:05:50Z,xrp,coingecko,1.52,usd
2026-09-26T20:05:40Z,btc,coingecko,84021,usd
2026-09-26T20:05:50Z,doge,coingecko,0.097022,usd
2026-09-26T20:06:00Z,marscoin,coingecko,0.074501,usd
2026-09-26T20:06:00Z,mcat,coingecko,0.765325,usd
2026-09-26T20:06:00Z,ai2,coingecko,0.252135,usd
2026-09-26T20:06:00Z,trump,coingecko,0.00000437,usd
2026-09-26T22:41:40Z,xrp,coingecko,1.52,usd
2026-09-26T22:41:40Z,btc,coingecko,84255,usd
2026-09-26T22:41:50Z,doge,coingecko,0.096307,usd
2026-09-26T22:41:50Z,marscoin,coingecko,0.074382,usd
2026-09-26T22:41:50Z,mcat,coingecko,0.75959,usd
2026-09-26T22:41:50Z,ai2,coingecko,0.244345,usd
2026-09-26T22:41:50Z,trump,coingecko,0.00000434,usd
2026-09-27T00:55:10Z,xrp,coingecko,1.52,usd
2026-09-27T00:54:50Z,btc,coingecko,84290,usd
2026-09-27T00:55:20Z,doge,coingecko,0.096253,usd
2026-09-27T00:55:20Z,marscoin,coingecko,0.074384,usd
2026-09-27T00:55:20Z,mcat,coingecko,0.768273,usd
2026-09-27T00:55:20Z,ai2,coingecko,0.243,usd
2026-09-27T00:55:00Z,trump,coingecko,0.00000434,usd
2026-09-27T06:09:30Z,xrp,coingecko,1.52,usd
2026-09-27T06:09:40Z,btc,coingecko,84527,usd
2026-09-27T06:09:30Z,doge,coingecko,0.09656,usd
2026-09-27T06:09:50Z,marscoin,coingecko,0.074392,usd
2026-09-27T06:09:50Z,mcat,coingecko,0.782013,usd
2026-09-27T06:09:50Z,ai2,coingecko,0.238657,usd
2026-09-27T06:09:30Z,trump,coingecko,0.00000436,usd
2026-09-27T11:56:30Z,xrp,coingecko,1.54,usd
2026-09-27T11:56:40Z,btc,coingecko,84882,usd
2026-09-27T11:56:30Z,doge,coingecko,0.097965,usd
2026-09-27T11:56:40Z,marscoin,coingecko,0.074558,usd
2026-09-27T11:56:40Z,mcat,coingecko,0.777629,usd
2026-09-27T11:56:40Z,ai2,coingecko,0.227164,usd
2026-09-27T11:56:30Z,trump,coingecko,0.00000441,usd
2026-09-27T16:20:40Z,xrp,coingecko,1.52,usd
2026-09-27T16:20:40Z,btc,coingecko,84562,usd
2026-09-27T16:20:40Z,doge,coingecko,0.097361,usd
2026-09-27T16:20:50Z,marscoin,coingecko,0.07456,usd
2026-09-27T16:20:50Z,mcat,coingecko,0.773466,usd
2026-09-27T16:20:50Z,ai2,coingecko,0.210022,usd
2026-09-27T16:20:40Z,trump,coingecko,0.00000439,usd
2026-09-27T19:47:00Z,xrp,coingecko,1.54,usd
2026-09-27T19:47:00Z,btc,coingecko,84781,usd
2026-09-27T19:47:00Z,doge,coingecko,0.097341,usd
2026-09-27T19:47:00Z,marscoin,coingecko,0.074593,usd
2026-09-27T19:47:00Z,mcat,coingecko,0.782879,usd
2026-09-27T19:47:00Z,ai2,coingecko,0.222203,usd
2026-09-27T19:47:00Z,trump,coingecko,0.0000044,usd
2026-09-27T22:34:30Z,xrp,coingecko,1.51,usd
2026-09-27T22:34:40Z,btc,coingecko,84320,usd
2026-09-27T22:34:30Z,doge,coingecko,0.095934,usd
2026-09-27T22:34:40Z,marscoin,coingecko,0.074559,usd
2026-09-27T22:34:40Z,mcat,coingecko,0.777826,usd
2026-09-27T22:34:40Z,ai2,coingecko,0.211219,usd
2026-09-27T22:34:40Z,trump,coingecko,0.00000432,usd
2026-09-28T01:08:40Z,xrp,coingecko,1.52,usd
2026-09-28T01:08:30Z,btc,coingecko,84158,usd
2026-09-28T01:08:40Z,doge,coingecko,0.097014,usd
2026-09-28T01:08:40Z,marscoin,coingecko,0.074619,usd
2026-09-28T01:08:40Z,mcat,coingecko,0.783277,usd
2026-09-28T01:08:40Z,ai2,coingecko,0.2164,usd
2026-09-28T01:08:30Z,trump,coingecko,0.00000435,usd
2026-09-28T06:46:40Z,xrp,coingecko,1.48,usd
2026-09-28T06:47:00Z,btc,coingecko,83179,usd
2026-09-28T06:47:00Z,doge,coingecko,0.093153,usd
2026-09-28T06:47:10Z,marscoin,coingecko,0.074548,usd
2026-09-28T06:47:10Z,mcat,coingecko,0.787456,usd
2026-09-28T06:47:10Z,ai2,coingecko,0.220945,usd
2026-09-28T06:47:00Z,trump,coingecko,0.00000417,usd
2026-09-28T14:31:50Z,xrp,coingecko,1.49,usd
2026-09-28T14:32:00Z,btc,coingecko,83133,usd
2026-09-28T14:32:00Z,doge,coingecko,0.092295,usd
2026-09-28T14:32:00Z,marscoin,coingecko,0.07459,usd
2026-09-28T14:32:00Z,mcat,coingecko,0.767814,usd
2026-09-28T14:32:00Z,ai2,coingecko,0.224161,usd
2026-09-28T14:31:50Z,trump,coingecko,0.0000042,usd
2026-09-28T20:44:30Z,xrp,coingecko,1.49,usd
2026-09-28T20:44:20Z,btc,coingecko,83472,usd
2026-09-28T20:44:40Z,doge,coingecko,0.093853,usd
2026-09-28T20:44:40Z,marscoin,coingecko,0.074357,usd
2026-09-28T20:44:40Z,mcat,coingecko,0.753438,usd
2026-09-28T20:44:40Z,ai2,coingecko,0.222563,usd
2026-09-28T20:44:30Z,trump,coingecko,0.00000418,usd
2026-09-29T00:34:50Z,xrp,coingecko,1.5,usd
2026-09-29T00:34:50Z,btc,coingecko,83534,usd
2026-09-29T00:34:50Z,doge,coingecko,0.094315,usd
2026-09-29T00:35:10Z,marscoin,coingecko,0.074308,usd
2026-09-29T00:35:10Z,mcat,coingecko,0.771907,usd
2026-09-29T00:35:10Z,ai2,coingecko,0.214298,usd
2026-09-29T00:35:10Z,trump,coingecko,0.00000421,usd
2026-09-29T06:07:50Z,xrp,coingecko,1.5,usd
2026-09-29T06:07:50Z,btc,coingecko,83580,usd
2026-09-29T06:07:50Z,doge,coingecko,0.094124,usd
2026-09-29T06:08:00Z,marscoin,coingecko,0.074198,usd
2026-09-29T06:08:00Z,mcat,coingecko,0.77206,usd
2026-09-29T06:08:00Z,ai2,coingecko,0.206941,usd
2026-09-29T06:08:00Z,trump,coingecko,0.00000419,usd
2026-09-29T12:43:40Z,xrp,coingecko,1.55,usd
2026-09-29T12:43:40Z,btc,coingecko,84351,usd
2026-09-29T12:43:40Z,doge,coingecko,0.096068,usd
2026-09-29T12:43:40Z,marscoin,coingecko,0.074275,usd
2026-09-29T12:43:40Z,mcat,coingecko,0.770194,usd
2026-09-29T12:43:40Z,ai2,coingecko,0.207406,usd
2026-09-29T12:43:40Z,trump,coingecko,0.00000432,usd
2026-09-29T18:17:10Z,xrp,coingecko,1.49,usd
2026-09-29T18:17:10Z,btc,coingecko,83418,usd
2026-09-29T18:17:30Z,doge,coingecko,0.093764,usd
2026-09-29T18:17:30Z,marscoin,coingecko,0.074238,usd
2026-09-29T18:17:30Z,mcat,coingecko,0.763208,usd
2026-09-29T18:17:30Z,ai2,coingecko,0.194581,usd
2026-09-29T18:17:10Z,trump,coingecko,0.00000424,usd
2026-09-29T22:20:40Z,xrp,coingecko,1.5,usd
2026-09-29T22:20:20Z,btc,coingecko,83607,usd
2026-09-29T22:20:20Z,doge,coingecko,0.094183,usd
2026-09-29T22:20:40Z,marscoin,coingecko,0.074238,usd
2026-09-29T22:20:40Z,mcat,coingecko,0.77581,usd
2026-09-29T22:20:40Z,ai2,coingecko,0.179789,usd
2026-09-29T22:20:40Z,trump,coingecko,0.00000427,usd
2026-09-30T01:19:40Z,xrp,coingecko,1.5,usd
2026-09-30T01:19:30Z,btc,coingecko,83385,usd
2026-09-30T01:19:20Z,doge,coingecko,0.09395,usd
2026-09-30T01:19:40Z,marscoin,coingecko,0.074189,usd
2026-09-30T01:19:40Z,mcat,coingecko,0.777212,usd
2026-09-30T01:19:40Z,ai2,coingecko,0.19019,usd
2026-09-30T01:19:40Z,trump,coingecko,0.00000428,usd
2026-09-30T06:49:30Z,xrp,coingecko,1.49,usd
2026-09-30T06:49:40Z,btc,coingecko,82969,usd
2026-09-30T06:49:30Z,doge,coingecko,0.092909,usd
2026-09-30T06:49:40Z,marscoin,coingecko,0.074408,usd
2026-09-30T06:49:40Z,mcat,coingecko,0.757946,usd
2026-09-30T06:49:40Z,ai2,coingecko,0.174761,usd
2026-09-30T06:49:40Z,trump,coingecko,0.00000427,usd
2026-09-30T13:02:10Z,xrp,coingecko,1.53,usd
2026-09-30T13:02:10Z,btc,coingecko,85147,usd
2026-09-30T13:02:10Z,doge,coingecko,0.097111,usd
2026-09-30T13:02:30Z,marscoin,coingecko,0.074549,usd
2026-09-30T13:02:30Z,mcat,coingecko,0.755932,usd
2026-09-30T13:02:30Z,ai2,coingecko,0.179924,usd
2026-09-30T13:02:10Z,trump,coingecko,0.00000441,usd
2026-09-30T18:24:00Z,xrp,coingecko,1.5,usd
2026-09-30T18:23:40Z,btc,coingecko,83918,usd
2026-09-30T18:24:00Z,doge,coingecko,0.094187,usd
2026-09-30T18:24:00Z,marscoin,coingecko,0.074284,usd
2026-09-30T18:24:00Z,mcat,coingecko,0.747523,usd
2026-09-30T18:24:00Z,ai2,coingecko,0.165063,usd
2026-09-30T18:24:00Z,trump,coingecko,0.00000431,usd
2026-09-30T22:26:40Z,xrp,coingecko,1.49,usd
2026-09-30T22:26:40Z,btc,coingecko,83761,usd
2026-09-30T22:26:40Z,doge,coingecko,0.094354,usd
2026-09-30T22:26:50Z,marscoin,coingecko,0.07423,usd
2026-09-30T22:26:50Z,mcat,coingecko,0.745985,usd
2026-09-30T22:26:50Z,ai2,coingecko,0.179885,usd
2026-09-30T22:26:40Z,trump,coingecko,0.00000429,usd
2026-10-01T01:22:50Z,xrp,coingecko,1.49,usd
2026-10-01T01:22:50Z,btc,coingecko,83605,usd
2026-10-01T01:22:50Z,doge,coingecko,0.095162,usd
2026-10-01T01:22:50Z,marscoin,coingecko,0.074187,usd
2026-10-01T01:22:50Z,mcat,coingecko,0.745426,usd
2026-10-01T01:22:50Z,ai2,coingecko,0.167537,usd
2026-10-01T01:22:40Z,trump,coingecko,0.00000431,usd
2026-10-01T07:28:10Z,xrp,coingecko,1.48,usd
2026-10-01T07:28:20Z,btc,coingecko,83338,usd
2026-10-01T07:28:10Z,doge,coingecko,0.094207,usd
2026-10-01T07:28:30Z,marscoin,coingecko,0.074182,usd
2026-10-01T07:28:30Z,mcat,coingecko,0.739484,usd
2026-10-01T07:28:30Z,ai2,coingecko,0.156058,usd
2026-10-01T07:28:20Z,trump,coingecko,0.00000431,usd
2026-10-01T14:39:10Z,xrp,coingecko,1.49,usd
2026-10-01T14:39:20Z,btc,coingecko,84210,usd
2026-10-01T14:39:30Z,doge,coingecko,0.094632,usd
2026-10-01T14:39:40Z,marscoin,coingecko,0.073978,usd
2026-10-01T14:39:40Z,mcat,coingecko,0.724533,usd
2026-10-01T14:39:40Z,ai2,coingecko,0.143118,usd
2026-10-01T14:39:10Z,trump,coingecko,0.00000438,usd
2026-10-01T19:47:00Z,xrp,coingecko,1.5,usd
2026-10-01T19:46:40Z,btc,coingecko,84620,usd
2026-10-01T19:47:00Z,doge,coingecko,0.094657,usd
2026-10-01T19:47:00Z,marscoin,coingecko,0.074233,usd
2026-10-01T19:47:00Z,mcat,coingecko,0.71711,usd
2026-10-01T19:47:00Z,ai2,coingecko,0.153672,usd
2026-10-01T19:47:00Z,trump,coingecko,0.00000444,usd
2026-10-01T23:25:40Z,xrp,coingecko,1.49,usd
2026-10-01T23:25:40Z,btc,coingecko,84726,usd
2026-10-01T23:25:50Z,doge,coingecko,0.09416,usd
2026-10-01T23:25:50Z,marscoin,coingecko,0.074204,usd
2026-10-01T23:25:50Z,mcat,coingecko,0.720466,usd
2026-10-01T23:25:50Z,ai2,coingecko,0.149478,usd
2026-10-01T23:25:40Z,trump,coingecko,0.00000443,usd
2026-10-02T02:24:30Z,xrp,coingecko,1.5,usd
2026-10-02T02:24:30Z,btc,coingecko,84886,usd
2026-10-02T02:24:40Z,doge,coingecko,0.093865,usd
2026-10-02T02:24:50Z,marscoin,coingecko,0.074199,usd
2026-10-02T02:24:50Z,mcat,coingecko,0.70762,usd
2026-10-02T02:24:50Z,ai2,coingecko,0.175436,usd
2026-10-02T02:24:30Z,trump,coingecko,0.00000444,usd
2026-10-02T08:47:00Z,xrp,coingecko,1.54,usd
2026-10-02T08:46:50Z,btc,coingecko,86322,usd
2026-10-02T08:46:50Z,doge,coingecko,0.097424,usd
2026-10-02T08:47:10Z,marscoin,coingecko,0.074263,usd
2026-10-02T08:47:10Z,mcat,coingecko,0.704689,usd
2026-10-02T08:47:10Z,ai2,coingecko,0.164624,usd
2026-10-02T08:46:50Z,trump,coingecko,0.00000461,usd
2026-10-02T15:02:30Z,xrp,coingecko,1.51,usd
2026-10-02T15:02:30Z,btc,coingecko,85620,usd
2026-10-02T15:02:30Z,doge,coingecko,0.095406,usd
2026-10-02T15:02:30Z,marscoin,coingecko,0.074292,usd
2026-10-02T15:02:30Z,mcat,coingecko,0.725406,usd
2026-10-02T15:02:30Z,ai2,coingecko,0.156172,usd
2026-10-02T15:02:30Z,trump,coingecko,0.00000439,usd
2026-10-02T19:53:40Z,xrp,coingecko,1.47,usd
2026-10-02T19:53:40Z,btc,coingecko,84186,usd
2026-10-02T19:53:50Z,doge,coingecko,0.091399,usd
2026-10-02T19:53:50Z,marscoin,coingecko,0.074477,usd
2026-10-02T19:53:50Z,mcat,coingecko,0.731613,usd
2026-10-02T19:53:50Z,ai2,coingecko,0.142228,usd
2026-10-02T19:53:40Z,trump,coingecko,0.00000417,usd
2026-10-02T23:31:00Z,xrp,coingecko,1.48,usd
2026-10-02T23:31:10Z,btc,coingecko,84542,usd
2026-10-02T23:31:00Z,doge,coingecko,0.092677,usd
2026-10-02T23:31:20Z,marscoin,coingecko,0.074455,usd
2026-10-02T23:31:20Z,mcat,coingecko,0.70604,usd
2026-10-02T23:31:20Z,ai2,coingecko,0.144212,usd
2026-10-02T23:31:10Z,trump,coingecko,0.00000424,usd
2026-10-03T02:15:20Z,xrp,coingecko,1.49,usd
2026-10-03T02:14:50Z,btc,coingecko,84599,usd
2026-10-03T02:15:00Z,doge,coingecko,0.093226,usd
2026-10-03T02:15:20Z,marscoin,coingecko,0.074452,usd
2026-10-03T02:15:20Z,mcat,coingecko,0.715626,usd
2026-10-03T02:15:20Z,ai2,coingecko,0.140713,usd
2026-10-03T02:15:00Z,trump,coingecko,0.00000427,usd
2026-10-03T08:12:30Z,xrp,coingecko,1.48,usd
2026-10-03T08:12:30Z,btc,coingecko,84629,usd
2026-10-03T08:12:40Z,doge,coingecko,0.092715,usd
2026-10-03T08:12:50Z,marscoin,coingecko,0.074521,usd
2026-10-03T08:12:50Z,mcat,coingecko,0.709285,usd
2026-10-03T08:12:50Z,ai2,coingecko,0.137003,usd
2026-10-03T08:12:50Z,trump,coingecko,0.00000423,usd
2026-10-03T13:26:50Z,xrp,coingecko,1.48,usd
2026-10-03T13:26:50Z,btc,coingecko,84804,usd
2026-10-03T13:26:50Z,doge,coingecko,0.092581,usd
2026-10-03T13:26:50Z,marscoin,coingecko,0.074537,usd
2026-10-03T13:26:50Z,mcat,coingecko,0.704772,usd
2026-10-03T13:26:50Z,ai2,coingecko,0.132022,usd
2026-10-03T13:26:40Z,trump,coingecko,0.00000427,usd
2026-10-03T17:28:50Z,xrp,coingecko,1.49,usd
2026-10-03T17:28:50Z,btc,coingecko,84892,usd
2026-10-03T17:28:30Z,doge,coingecko,0.093309,usd
2026-10-03T17:28:40Z,marscoin,coingecko,0.074572,usd
2026-10-03T17:28:50Z,mcat,coingecko,0.703965,usd
2026-10-03T17:28:50Z,ai2,coingecko,0.122367,usd
2026-10-03T17:28:40Z,trump,coingecko,0.0000043,usd
2026-10-03T20:04:40Z,xrp,coingecko,1.49,usd
2026-10-03T20:04:50Z,btc,coingecko,84871,usd
2026-10-03T20:04:50Z,doge,coingecko,0.093244,usd
2026-10-03T20:05:00Z,marscoin,coingecko,0.074502,usd
2026-10-03T20:05:00Z,mcat,coingecko,0.701329,usd
2026-10-03T20:05:00Z,ai2,coingecko,0.128147,usd
2026-10-03T20:04:50Z,trump,coingecko,0.00000432,usd
2026-10-03T22:50:50Z,xrp,coingecko,1.49,usd
2026-10-03T22:50:50Z,btc,coingecko,84788,usd
2026-10-03T22:50:50Z,doge,coingecko,0.092932,usd
2026-10-03T22:51:10Z,marscoin,coingecko,0.074459,usd
2026-10-03T22:51:10Z,mcat,coingecko,0.702521,usd
2026-10-03T22:51:10Z,ai2,coingecko,0.13869,usd
2026-10-03T22:51:10Z,trump,coingecko,0.00000432,usd
2026-10-04T02:01:30Z,xrp,coingecko,1.49,usd
2026-10-04T02:01:30Z,btc,coingecko,84799,usd
2026-10-04T02:01:40Z,doge,coingecko,0.092814,usd
2026-10-04T02:01:50Z,marscoin,coingecko,0.07446,usd
2026-10-04T02:01:50Z,mcat,coingecko,0.704545,usd
2026-10-04T02:01:30Z,ai2,coingecko,0.134796,usd
2026-10-04T02:01:30Z,trump,coingecko,0.00000428,usd
2026-10-04T08:15:30Z,xrp,coingecko,1.5,usd
2026-10-04T08:15:10Z,btc,coingecko,85135,usd
2026-10-04T08:15:10Z,doge,coingecko,0.093318,usd
2026-10-04T08:15:30Z,marscoin,coingecko,0.074421,usd
2026-10-04T08:15:30Z,mcat,coingecko,0.693569,usd
2026-10-04T08:15:30Z,ai2,coingecko,0.138015,usd
2026-10-04T08:15:30Z,trump,coingecko,0.00000429,usd
2026-10-04T14:06:10Z,xrp,coingecko,1.5,usd
2026-10-04T14:06:10Z,btc,coingecko,85231,usd
2026-10-04T14:05:50Z,doge,coingecko,0.093553,usd
2026-10-04T14:06:10Z,marscoin,coingecko,0.074483,usd
2026-10-04T14:06:10Z,mcat,coingecko,0.687556,usd
2026-10-04T14:06:10Z,ai2,coingecko,0.119647,usd
2026-10-04T14:06:10Z,trump,coingecko,0.00000427,usd
2026-10-04T18:05:50Z,xrp,coingecko,1.5,usd
2026-10-04T18:06:00Z,btc,coingecko,85324,usd
2026-10-04T18:05:40Z,doge,coingecko,0.095565,usd
2026-10-04T18:06:00Z,marscoin,coingecko,0.074461,usd
2026-10-04T18:06:00Z,mcat,coingecko,0.673005,usd
2026-10-04T18:06:00Z,ai2,coingecko,0.110149,usd
2026-10-04T18:05:40Z,trump,coingecko,0.00000431,usd
2026-10-04T21:16:00Z,xrp,coingecko,1.51,usd
2026-10-04T21:16:10Z,btc,coingecko,85977,usd
2026-10-04T21:16:00Z,doge,coingecko,0.096554,usd
2026-10-04T21:16:20Z,marscoin,coingecko,0.074575,usd
2026-10-04T21:16:20Z,mcat,coingecko,0.67728,usd
2026-10-04T21:16:20Z,ai2,coingecko,0.125566,usd
2026-10-04T21:16:10Z,trump,coingecko,0.00000432,usd
2026-10-04T23:56:50Z,xrp,coingecko,1.52,usd
2026-10-04T23:57:10Z,btc,coingecko,86477,usd
2026-10-04T23:57:10Z,doge,coingecko,0.095875,usd
2026-10-04T23:57:20Z,marscoin,coingecko,0.074586,usd
2026-10-04T23:57:20Z,mcat,coingecko,0.67166,usd
2026-10-04T23:57:20Z,ai2,coingecko,0.129783,usd
2026-10-04T23:57:20Z,trump,coingecko,0.0000044,usd
2026-10-05T04:06:00Z,xrp,coingecko,1.51,usd
2026-10-05T04:06:20Z,btc,coingecko,86048,usd
2026-10-05T04:06:20Z,doge,coingecko,0.095761,usd
2026-10-05T04:06:20Z,marscoin,coingecko,0.074547,usd
2026-10-05T04:06:20Z,mcat,coingecko,0.667797,usd
2026-10-05T04:06:20Z,ai2,coingecko,0.11045,usd
2026-10-05T04:06:20Z,trump,coingecko,0.00000442,usd
2026-10-05T11:22:20Z,xrp,coingecko,1.52,usd
2026-10-05T11:22:10Z,btc,coingecko,85998,usd
2026-10-05T11:22:30Z,doge,coingecko,0.096133,usd
2026-10-05T11:22:30Z,marscoin,coingecko,0.074625,usd
2026-10-05T11:22:30Z,mcat,coingecko,0.657863,usd
2026-10-05T11:22:30Z,ai2,coingecko,0.110588,usd
2026-10-05T11:22:30Z,trump,coingecko,0.0000045,usd
2026-10-06T00:55:20Z,xrp,coingecko,1.51,usd
2026-10-06T00:55:20Z,btc,coingecko,85830,usd
2026-10-06T00:55:20Z,doge,coingecko,0.095263,usd
2026-10-06T00:55:30Z,marscoin,coingecko,0.074391,usd
2026-10-06T00:55:30Z,mcat,coingecko,0.654957,usd
2026-10-06T00:55:30Z,ai2,coingecko,0.112826,usd
2026-10-06T00:55:20Z,trump,coingecko,0.00000437,usd
2026-10-06T07:08:40Z,xrp,coingecko,1.5,usd
2026-10-06T07:08:50Z,btc,coingecko,85311,usd
2026-10-06T07:08:40Z,doge,coingecko,0.09431,usd
2026-10-06T07:08:50Z,marscoin,coingecko,0.074387,usd
2026-10-06T07:08:50Z,mcat,coingecko,0.673296,usd
2026-10-06T07:08:50Z,ai2,coingecko,0.111647,usd
2026-10-06T07:08:40Z,trump,coingecko,0.00000431,usd
2026-10-06T14:07:40Z,xrp,coingecko,1.51,usd
2026-10-06T14:07:10Z,btc,coingecko,86163,usd
2026-10-06T14:07:30Z,doge,coingecko,0.095835,usd
2026-10-06T14:07:40Z,marscoin,coingecko,0.074314,usd
2026-10-06T14:07:40Z,mcat,coingecko,0.680654,usd
2026-10-06T14:07:40Z,ai2,coingecko,0.118349,usd
2026-10-06T14:07:40Z,trump,coingecko,0.00000434,usd
2026-10-06T19:27:50Z,xrp,coingecko,1.5,usd
2026-10-06T19:27:50Z,btc,coingecko,85477,usd
2026-10-06T19:27:50Z,doge,coingecko,0.093631,usd
2026-10-06T19:28:20Z,marscoin,coingecko,0.07438,usd
2026-10-06T19:28:20Z,mcat,coingecko,0.68962,usd
2026-10-06T19:28:20Z,ai2,coingecko,0.108116,usd
2026-10-06T19:27:50Z,trump,coingecko,0.00000425,usd
2026-10-06T23:09:50Z,xrp,coingecko,1.5,usd
2026-10-06T23:09:50Z,btc,coingecko,85507,usd
2026-10-06T23:09:50Z,doge,coingecko,0.093412,usd
2026-10-06T23:09:50Z,marscoin,coingecko,0.074365,usd
2026-10-06T23:09:50Z,mcat,coingecko,0.690627,usd
2026-10-06T23:09:50Z,ai2,coingecko,0.116296,usd
2026-10-06T23:09:40Z,trump,coingecko,0.00000427,usd
2026-10-06T23:20:00Z,xrp,coingecko,1.5,usd
2026-10-06T23:20:10Z,btc,coingecko,85469,usd
2026-10-06T23:19:50Z,doge,coingecko,0.093424,usd
2026-10-06T23:20:10Z,marscoin,coingecko,0.074364,usd
2026-10-06T23:20:10Z,mcat,coingecko,0.69038,usd
2026-10-06T23:20:10Z,ai2,coingecko,0.117476,usd
2026-10-06T23:19:50Z,trump,coingecko,0.00000427,usd
2026-10-06T23:30:10Z,xrp,coingecko,1.5,usd
2026-10-06T23:29:50Z,btc,coingecko,85491,usd
2026-10-06T23:29:50Z,doge,coingecko,0.093547,usd
2026-10-06T23:30:10Z,marscoin,coingecko,0.074363,usd
2026-10-06T23:30:10Z,mcat,coingecko,0.690307,usd
2026-10-06T23:30:10Z,ai2,coingecko,0.118522,usd
2026-10-06T23:29:50Z,trump,coingecko,0.00000428,usd
2026-10-06T23:39:50Z,xrp,coingecko,1.5,usd
2026-10-06T23:39:50Z,btc,coingecko,85484,usd
2026-10-06T23:39:50Z,doge,coingecko,0.09369,usd
2026-10-06T23:40:10Z,marscoin,coingecko,0.074357,usd
2026-10-06T23:40:10Z,mcat,coingecko,0.690537,usd
2026-10-06T23:40:10Z,ai2,coingecko,0.115283,usd
2026-10-06T23:39:50Z,trump,coingecko,0.00000427,usd
2026-10-06T23:50:10Z,xrp,coingecko,1.5,usd
2026-10-06T23:50:10Z,btc,coingecko,85592,usd
2026-10-06T23:49:50Z,doge,coingecko,0.093837,usd
2026-10-06T23:50:10Z,marscoin,coingecko,0.074358,usd
2026-10-06T23:50:10Z,mcat,coingecko,0.690326,usd
2026-10-06T23:50:10Z,ai2,coingecko,0.11793,usd
2026-10-06T23:50:10Z,trump,coingecko,0.00000428,usd
2026-10-06T23:59:40Z,xrp,coingecko,1.5,usd
2026-10-06T23:59:50Z,btc,coingecko,85545,usd
2026-10-06T23:59:50Z,doge,coingecko,0.09369,usd
2026-10-06T23:59:50Z,marscoin,coingecko,0.074346,usd
2026-10-06T23:59:50Z,mcat,coingecko,0.694129,usd
2026-10-06T23:59:50Z,ai2,coingecko,0.117664,usd
2026-10-06T23:59:50Z,trump,coingecko,0.00000428,usd
2026-10-07T00:10:10Z,xrp,coingecko,1.5,usd
2026-10-07T00:10:00Z,btc,coingecko,85517,usd
2026-10-07T00:10:10Z,doge,coingecko,0.093741,usd
2026-10-07T00:10:20Z,marscoin,coingecko,0.074347,usd
2026-10-07T00:10:20Z,mcat,coingecko,0.693633,usd
2026-10-07T00:10:20Z,ai2,coingecko,0.118444,usd
2026-10-07T00:09:50Z,trump,coingecko,0.00000427,usd
2026-10-07T00:19:50Z,xrp,coingecko,1.5,usd
2026-10-07T00:19:50Z,btc,coingecko,85542,usd
2026-10-07T00:19:50Z,doge,coingecko,0.093765,usd
2026-10-07T00:20:10Z,marscoin,coingecko,0.074348,usd
2026-10-07T00:20:10Z,mcat,coingecko,0.690311,usd
2026-10-07T00:20:10Z,ai2,coingecko,0.118957,usd
2026-10-07T00:19:50Z,trump,coingecko,0.00000427,usd
2026-10-07T00:29:50Z,xrp,coingecko,1.5,usd
2026-10-07T00:29:50Z,btc,coingecko,85415,usd
2026-10-07T00:30:10Z,doge,coingecko,0.093575,usd
2026-10-07T00:30:10Z,marscoin,coingecko,0.074339,usd
2026-10-07T00:30:10Z,mcat,coingecko,0.690274,usd
2026-10-07T00:30:10Z,ai2,coingecko,0.120661,usd
2026-10-07T00:29:50Z,trump,coingecko,0.00000426,usd
2026-10-07T00:39:50Z,xrp,coingecko,1.5,usd
2026-10-07T00:39:50Z,btc,coingecko,85482,usd
2026-10-07T00:39:50Z,doge,coingecko,0.093711,usd
2026-10-07T00:40:20Z,marscoin,coingecko,0.074343,usd
2026-10-07T00:40:20Z,mcat,coingecko,0.698642,usd
2026-10-07T00:40:20Z,ai2,coingecko,0.126556,usd
2026-10-07T00:39:50Z,trump,coingecko,0.00000427,usd
2026-10-07T00:50:00Z,xrp,coingecko,1.5,usd
2026-10-07T00:50:00Z,btc,coingecko,85529,usd
2026-10-07T00:50:10Z,doge,coingecko,0.093854,usd
2026-10-07T00:50:10Z,marscoin,coingecko,0.074344,usd
2026-10-07T00:50:10Z,mcat,coingecko,0.69809,usd
2026-10-07T00:50:10Z,ai2,coingecko,0.128308,usd
2026-10-07T00:49:50Z,trump,coingecko,0.00000428,usd
2026-10-07T00:59:50Z,xrp,coingecko,1.5,usd
2026-10-07T01:00:10Z,btc,coingecko,85524,usd
2026-10-07T01:00:10Z,doge,coingecko,0.0938,usd
2026-10-07T01:00:10Z,marscoin,coingecko,0.074343,usd
2026-10-07T01:00:10Z,mcat,coingecko,0.698882,usd
2026-10-07T01:00:10Z,ai2,coingecko,0.128505,usd
2026-10-07T01:00:00Z,trump,coingecko,0.00000427,usd
2026-10-07T01:09:50Z,xrp,coingecko,1.5,usd
2026-10-07T01:10:10Z,btc,coingecko,85462,usd
2026-10-07T01:10:10Z,doge,coingecko,0.093788,usd
2026-10-07T01:10:20Z,marscoin,coingecko,0.074344,usd
2026-10-07T01:10:20Z,mcat,coingecko,0.698789,usd
2026-10-07T01:10:20Z,ai2,coingecko,0.130831,usd
2026-10-07T01:10:20Z,trump,coingecko,0.00000427,usd
2026-10-07T01:20:20Z,xrp,coingecko,1.49,usd
2026-10-07T01:20:20Z,btc,coingecko,85372,usd
2026-10-07T01:20:00Z,doge,coingecko,0.09364,usd
2026-10-07T01:20:20Z,marscoin,coingecko,0.074337,usd
2026-10-07T01:20:20Z,mcat,coingecko,0.70121,usd
2026-10-07T01:20:20Z,ai2,coingecko,0.129676,usd
2026-10-07T01:19:50Z,trump,coingecko,0.00000426,usd
2026-10-07T01:29:50Z,xrp,coingecko,1.49,usd
2026-10-07T01:29:50Z,btc,coingecko,85272,usd
2026-10-07T01:29:50Z,doge,coingecko,0.093457,usd
2026-10-07T01:30:10Z,marscoin,coingecko,0.07434,usd
2026-10-07T01:30:10Z,mcat,coingecko,0.702039,usd
2026-10-07T01:30:10Z,ai2,coingecko,0.126933,usd
2026-10-07T01:29:50Z,trump,coingecko,0.00000426,usd
2026-10-07T01:39:50Z,xrp,coingecko,1.49,usd
2026-10-07T01:40:10Z,btc,coingecko,85232,usd
2026-10-07T01:40:10Z,doge,coingecko,0.093314,usd
2026-10-07T01:40:10Z,marscoin,coingecko,0.074338,usd
2026-10-07T01:40:10Z,mcat,coingecko,0.720814,usd
2026-10-07T01:40:10Z,ai2,coingecko,0.127295,usd
2026-10-07T01:39:50Z,trump,coingecko,0.00000425,usd
2026-10-07T01:50:10Z,xrp,coingecko,1.49,usd
2026-10-07T01:50:00Z,btc,coingecko,85296,usd
2026-10-07T01:50:10Z,doge,coingecko,0.093308,usd
2026-10-07T01:50:10Z,marscoin,coingecko,0.074325,usd
2026-10-07T01:50:10Z,mcat,coingecko,0.709513,usd
2026-10-07T01:50:10Z,ai2,coingecko,0.129291,usd
2026-10-07T01:50:10Z,trump,coingecko,0.00000425,usd
2026-10-07T02:00:00Z,xrp,coingecko,1.48,usd
2026-10-07T01:59:50Z,btc,coingecko,84520,usd
2026-10-07T02:00:00Z,doge,coingecko,0.091926,usd
2026-10-07T02:00:10Z,marscoin,coingecko,0.074302,usd
2026-10-07T02:00:10Z,mcat,coingecko,0.708227,usd
2026-10-07T02:00:10Z,ai2,coingecko,0.128472,usd
2026-10-07T01:59:50Z,trump,coingecko,0.00000419,usd
2026-10-07T02:10:00Z,xrp,coingecko,1.46,usd
2026-10-07T02:10:00Z,btc,coingecko,83890,usd
2026-10-07T02:09:50Z,doge,coingecko,0.090219,usd
2026-10-07T02:10:10Z,marscoin,coingecko,0.074179,usd
2026-10-07T02:10:10Z,mcat,coingecko,0.705836,usd
2026-10-07T02:10:10Z,ai2,coingecko,0.125847,usd
2026-10-07T02:10:10Z,trump,coingecko,0.00000411,usd
2026-10-07T02:19:50Z,xrp,coingecko,1.46,usd
2026-10-07T02:19:50Z,btc,coingecko,84031,usd
2026-10-07T02:20:10Z,doge,coingecko,0.090429,usd
2026-10-07T02:20:20Z,marscoin,coingecko,0.074228,usd
2026-10-07T02:20:20Z,mcat,coingecko,0.708182,usd
2026-10-07T02:20:20Z,ai2,coingecko,0.123671,usd
2026-10-07T02:19:50Z,trump,coingecko,0.00000413,usd
2026-10-07T02:30:00Z,xrp,coingecko,1.46,usd
2026-10-07T02:30:00Z,btc,coingecko,83823,usd
2026-10-07T02:30:20Z,doge,coingecko,0.090103,usd
2026-10-07T02:30:20Z,marscoin,coingecko,0.074103,usd
2026-10-07T02:30:20Z,mcat,coingecko,0.707715,usd
2026-10-07T02:30:20Z,ai2,coingecko,0.117942,usd
2026-10-07T02:29:50Z,trump,coingecko,0.00000411,usd
2026-10-07T02:40:00Z,xrp,coingecko,1.46,usd
2026-10-07T02:40:00Z,btc,coingecko,83865,usd
2026-10-07T02:39:50Z,doge,coingecko,0.090194,usd
2026-10-07T02:40:10Z,marscoin,coingecko,0.074103,usd
2026-10-07T02:40:10Z,mcat,coingecko,0.705922,usd
2026-10-07T02:40:10Z,ai2,coingecko,0.116297,usd
2026-10-07T02:39:50Z,trump,coingecko,0.00000412,usd
2026-10-07T02:49:50Z,xrp,coingecko,1.46,usd
2026-10-07T02:49:50Z,btc,coingecko,83867,usd
2026-10-07T02:49:50Z,doge,coingecko,0.090151,usd
2026-10-07T02:50:10Z,marscoin,coingecko,0.074099,usd
2026-10-07T02:50:10Z,mcat,coingecko,0.704396,usd
2026-10-07T02:50:10Z,ai2,coingecko,0.120573,usd
2026-10-07T02:49:50Z,trump,coingecko,0.00000411,usd
2026-10-07T03:00:10Z,xrp,coingecko,1.46,usd
2026-10-07T03:00:10Z,btc,coingecko,83868,usd
2026-10-07T03:00:10Z,doge,coingecko,0.0901,usd
2026-10-07T03:00:10Z,marscoin,coingecko,0.074089,usd
2026-10-07T03:00:10Z,mcat,coingecko,0.704295,usd
2026-10-07T03:00:10Z,ai2,coingecko,0.120068,usd
2026-10-07T02:59:50Z,trump,coingecko,0.00000411,usd
2026-10-07T03:09:50Z,xrp,coingecko,1.46,usd
2026-10-07T03:10:00Z,btc,coingecko,84048,usd
2026-10-07T03:10:00Z,doge,coingecko,0.090255,usd
2026-10-07T03:10:00Z,marscoin,coingecko,0.074108,usd
2026-10-07T03:10:00Z,mcat,coingecko,0.703072,usd
2026-10-07T03:10:00Z,ai2,coingecko,0.124536,usd
2026-10-07T03:09:50Z,trump,coingecko,0.00000412,usd
2026-10-07T03:20:10Z,xrp,coingecko,1.46,usd
2026-10-07T03:20:00Z,btc,coingecko,84071,usd
2026-10-07T03:20:00Z,doge,coingecko,0.090187,usd
2026-10-07T03:20:10Z,marscoin,coingecko,0.074112,usd
2026-10-07T03:20:10Z,mcat,coingecko,0.703901,usd
2026-10-07T03:20:10Z,ai2,coingecko,0.124299,usd
2026-10-07T03:20:10Z,trump,coingecko,0.00000411,usd
2026-10-07T03:29:50Z,xrp,coingecko,1.46,usd
2026-10-07T03:30:00Z,btc,coingecko,83968,usd
2026-10-07T03:30:10Z,doge,coingecko,0.090126,usd
2026-10-07T03:30:10Z,marscoin,coingecko,0.074118,usd
2026-10-07T03:30:10Z,mcat,coingecko,0.704307,usd
2026-10-07T03:30:10Z,ai2,coingecko,0.125596,usd
2026-10-07T03:30:10Z,trump,coingecko,0.00000411,usd
2026-10-07T03:40:00Z,xrp,coingecko,1.47,usd
2026-10-07T03:40:00Z,btc,coingecko,84107,usd
2026-10-07T03:40:00Z,doge,coingecko,0.090339,usd
2026-10-07T03:40:10Z,marscoin,coingecko,0.074134,usd
2026-10-07T03:40:10Z,mcat,coingecko,0.702233,usd
2026-10-07T03:40:10Z,ai2,coingecko,0.126742,usd
2026-10-07T03:40:10Z,trump,coingecko,0.00000412,usd
2026-10-07T03:49:50Z,xrp,coingecko,1.47,usd
2026-10-07T03:49:50Z,btc,coingecko,84206,usd
2026-10-07T03:49:50Z,doge,coingecko,0.090329,usd
2026-10-07T03:50:20Z,marscoin,coingecko,0.07415,usd
2026-10-07T03:50:20Z,mcat,coingecko,0.703813,usd
2026-10-07T03:50:20Z,ai2,coingecko,0.124865,usd
2026-10-07T03:49:50Z,trump,coingecko,0.00000412,usd
2026-10-07T04:00:00Z,xrp,coingecko,1.47,usd
2026-10-07T03:59:50Z,btc,coingecko,84139,usd
2026-10-07T03:59:50Z,doge,coingecko,0.090143,usd
2026-10-07T04:00:00Z,marscoin,coingecko,0.074124,usd
2026-10-07T04:00:00Z,mcat,coingecko,0.703209,usd
2026-10-07T04:00:00Z,ai2,coingecko,0.124495,usd
2026-10-07T03:59:40Z,trump,coingecko,0.00000411,usd
2026-10-07T04:10:00Z,xrp,coingecko,1.46,usd
2026-10-07T04:09:50Z,btc,coingecko,84124,usd
2026-10-07T04:10:00Z,doge,coingecko,0.090044,usd
2026-10-07T04:10:10Z,marscoin,coingecko,0.074118,usd
2026-10-07T04:10:10Z,mcat,coingecko,0.704562,usd
2026-10-07T04:10:10Z,ai2,coingecko,0.124387,usd
2026-10-07T04:10:00Z,trump,coingecko,0.00000411,usd
2026-10-07T04:20:10Z,xrp,coingecko,1.46,usd
2026-10-07T04:19:40Z,btc,coingecko,84083,usd
2026-10-07T04:19:40Z,doge,coingecko,0.08994,usd
2026-10-07T04:20:10Z,marscoin,coingecko,0.074112,usd
2026-10-07T04:20:10Z,mcat,coingecko,0.704345,usd
2026-10-07T04:20:10Z,ai2,coingecko,0.123995,usd
2026-10-07T04:19:40Z,trump,coingecko,0.00000409,usd
2026-10-07T04:30:00Z,xrp,coingecko,1.46,usd
2026-10-07T04:30:00Z,btc,coingecko,84128,usd
2026-10-07T04:30:00Z,doge,coingecko,0.089944,usd
2026-10-07T04:30:10Z,marscoin,coingecko,0.074113,usd
2026-10-07T04:30:10Z,mcat,coingecko,0.704803,usd
2026-10-07T04:30:10Z,ai2,coingecko,0.122686,usd
2026-10-07T04:29:50Z,trump,coingecko,0.0000041,usd
2026-10-07T04:38:30Z,xrp,coingecko,1.46,usd
2026-10-07T04:38:30Z,btc,coingecko,84102,usd
2026-10-07T04:38:30Z,doge,coingecko,0.089717,usd
2026-10-07T04:38:30Z,marscoin,coingecko,0.074127,usd
2026-10-07T04:38:30Z,mcat,coingecko,0.704815,usd
2026-10-07T04:38:30Z,ai2,coingecko,0.123235,usd
2026-10-07T04:38:10Z,trump,coingecko,0.00000409,usd
2026-10-07T04:48:30Z,xrp,coingecko,1.46,usd
2026-10-07T04:48:20Z,btc,coingecko,84093,usd
2026-10-07T04:48:20Z,doge,coingecko,0.089776,usd
2026-10-07T04:48:30Z,marscoin,coingecko,0.074137,usd
2026-10-07T04:48:30Z,mcat,coingecko,0.704837,usd
2026-10-07T04:48:30Z,ai2,coingecko,0.122678,usd
2026-10-07T04:48:30Z,trump,coingecko,0.00000409,usd
2026-10-07T04:58:20Z,xrp,coingecko,1.46,usd
2026-10-07T04:58:10Z,btc,coingecko,84079,usd
2026-10-07T04:58:10Z,doge,coingecko,0.089768,usd
2026-10-07T04:58:40Z,marscoin,coingecko,0.074141,usd
2026-10-07T04:58:40Z,mcat,coingecko,0.711018,usd
2026-10-07T04:58:40Z,ai2,coingecko,0.1225,usd
2026-10-07T04:58:20Z,trump,coingecko,0.0000041,usd
2026-10-07T05:08:30Z,xrp,coingecko,1.47,usd
2026-10-07T05:08:20Z,btc,coingecko,84134,usd
2026-10-07T05:08:10Z,doge,coingecko,0.089999,usd
2026-10-07T05:08:40Z,marscoin,coingecko,0.074143,usd
2026-10-07T05:08:40Z,mcat,coingecko,0.715571,usd
2026-10-07T05:08:40Z,ai2,coingecko,0.123005,usd
2026-10-07T05:08:10Z,trump,coingecko,0.0000041,usd
2026-10-07T05:18:30Z,xrp,coingecko,1.47,usd
2026-10-07T05:18:30Z,btc,coingecko,84162,usd
2026-10-07T05:18:20Z,doge,coingecko,0.090099,usd
2026-10-07T05:18:30Z,marscoin,coingecko,0.074157,usd
2026-10-07T05:18:30Z,mcat,coingecko,0.715862,usd
2026-10-07T05:18:30Z,ai2,coingecko,0.124783,usd
2026-10-07T05:18:20Z,trump,coingecko,0.0000041,usd
2026-10-07T05:28:20Z,xrp,coingecko,1.47,usd
2026-10-07T05:28:20Z,btc,coingecko,84208,usd
2026-10-07T05:28:30Z,doge,coingecko,0.090268,usd
2026-10-07T05:28:30Z,marscoin,coingecko,0.074171,usd
2026-10-07T05:28:30Z,mcat,coingecko,0.732631,usd
2026-10-07T05:28:30Z,ai2,coingecko,0.125678,usd
2026-10-07T05:28:30Z,trump,coingecko,0.00000412,usd
2026-10-07T05:38:20Z,xrp,coingecko,1.47,usd
2026-10-07T05:38:10Z,btc,coingecko,84171,usd
2026-10-07T05:38:20Z,doge,coingecko,0.090175,usd
2026-10-07T05:38:30Z,marscoin,coingecko,0.074202,usd
2026-10-07T05:38:30Z,mcat,coingecko,0.7301,usd
2026-10-07T05:38:30Z,ai2,coingecko,0.124673,usd
2026-10-07T05:38:20Z,trump,coingecko,0.00000412,usd
2026-10-07T05:48:30Z,xrp,coingecko,1.47,usd
2026-10-07T05:48:30Z,btc,coingecko,84236,usd
2026-10-07T05:48:30Z,doge,coingecko,0.090361,usd
2026-10-07T05:48:30Z,marscoin,coingecko,0.074204,usd
2026-10-07T05:48:30Z,mcat,coingecko,0.733835,usd
2026-10-07T05:48:30Z,ai2,coingecko,0.124871,usd
2026-10-07T05:48:30Z,trump,coingecko,0.00000412,usd
2026-10-07T05:58:30Z,xrp,coingecko,1.47,usd
2026-10-07T05:58:20Z,btc,coingecko,84268,usd
2026-10-07T05:58:40Z,doge,coingecko,0.090528,usd
2026-10-07T05:58:40Z,marscoin,coingecko,0.074209,usd
2026-10-07T05:58:40Z,mcat,coingecko,0.727561,usd
2026-10-07T05:58:40Z,ai2,coingecko,0.125693,usd
2026-10-07T05:58:40Z,trump,coingecko,0.00000412,usd
2026-10-07T06:08:10Z,xrp,coingecko,1.47,usd
2026-10-07T06:08:20Z,btc,coingecko,84287,usd
2026-10-07T06:08:30Z,doge,coingecko,0.090556,usd
2026-10-07T06:08:30Z,marscoin,coingecko,0.07421,usd
2026-10-07T06:08:30Z,mcat,coingecko,0.721605,usd
2026-10-07T06:08:30Z,ai2,coingecko,0.125856,usd
2026-10-07T06:08:30Z,trump,coingecko,0.00000411,usd
2026-10-07T06:18:10Z,xrp,coingecko,1.47,usd
2026-10-07T06:18:20Z,btc,coingecko,84210,usd
2026-10-07T06:18:30Z,doge,coingecko,0.090522,usd
2026-10-07T06:18:30Z,marscoin,coingecko,0.074213,usd
2026-10-07T06:18:30Z,mcat,coingecko,0.711704,usd
2026-10-07T06:18:30Z,ai2,coingecko,0.125344,usd
2026-10-07T06:18:20Z,trump,coingecko,0.00000411,usd
2026-10-07T06:28:10Z,xrp,coingecko,1.47,usd
2026-10-07T06:28:10Z,btc,coingecko,84198,usd
2026-10-07T06:28:10Z,doge,coingecko,0.090667,usd
2026-10-07T06:28:40Z,marscoin,coingecko,0.074209,usd
2026-10-07T06:28:40Z,mcat,coingecko,0.701695,usd
2026-10-07T06:28:40Z,ai2,coingecko,0.124521,usd
2026-10-07T06:28:40Z,trump,coingecko,0.00000411,usd
2026-10-07T06:38:30Z,xrp,coingecko,1.47,usd
2026-10-07T06:38:40Z,btc,coingecko,84253,usd
2026-10-07T06:38:30Z,doge,coingecko,0.090817,usd
2026-10-07T06:38:40Z,marscoin,coingecko,0.074207,usd
2026-10-07T06:38:40Z,mcat,coingecko,0.703313,usd
2026-10-07T06:38:40Z,ai2,coingecko,0.124468,usd
2026-10-07T06:38:40Z,trump,coingecko,0.00000412,usd
2026-10-07T06:48:30Z,xrp,coingecko,1.48,usd
2026-10-07T06:48:30Z,btc,coingecko,84263,usd
2026-10-07T06:48:30Z,doge,coingecko,0.090799,usd
2026-10-07T06:48:30Z,marscoin,coingecko,0.07421,usd
2026-10-07T06:48:30Z,mcat,coingecko,0.705405,usd
2026-10-07T06:48:30Z,ai2,coingecko,0.124456,usd
2026-10-07T06:48:30Z,trump,coingecko,0.00000413,usd
2026-10-07T06:58:30Z,xrp,coingecko,1.48,usd
2026-10-07T06:58:20Z,btc,coingecko,84245,usd
2026-10-07T06:58:20Z,doge,coingecko,0.090816,usd
2026-10-07T06:58:30Z,marscoin,coingecko,0.074208,usd
2026-10-07T06:58:30Z,mcat,coingecko,0.704939,usd
2026-10-07T06:58:30Z,ai2,coingecko,0.124739,usd
2026-10-07T06:58:30Z,trump,coingecko,0.00000413,usd
2026-10-07T07:08:10Z,xrp,coingecko,1.47,usd
2026-10-07T07:08:10Z,btc,coingecko,84147,usd
2026-10-07T07:08:30Z,doge,coingecko,0.090759,usd
2026-10-07T07:08:30Z,marscoin,coingecko,0.07422,usd
2026-10-07T07:08:30Z,mcat,coingecko,0.705892,usd
2026-10-07T07:08:30Z,ai2,coingecko,0.124378,usd
2026-10-07T07:08:30Z,trump,coingecko,0.00000413,usd
2026-10-07T07:18:20Z,xrp,coingecko,1.47,usd
2026-10-07T07:18:20Z,btc,coingecko,84177,usd
2026-10-07T07:18:40Z,doge,coingecko,0.090805,usd
2026-10-07T07:18:40Z,marscoin,coingecko,0.074214,usd
2026-10-07T07:18:40Z,mcat,coingecko,0.705383,usd
2026-10-07T07:18:40Z,ai2,coingecko,0.12478,usd
2026-10-07T07:18:40Z,trump,coingecko,0.00000414,usd
2026-10-07T07:28:30Z,xrp,coingecko,1.47,usd
2026-10-07T07:28:10Z,btc,coingecko,84220,usd
2026-10-07T07:28:30Z,doge,coingecko,0.090852,usd
2026-10-07T07:28:40Z,marscoin,coingecko,0.074213,usd
2026-10-07T07:28:40Z,mcat,coingecko,0.706187,usd
2026-10-07T07:28:40Z,ai2,coingecko,0.125408,usd
2026-10-07T07:28:40Z,trump,coingecko,0.00000414,usd
2026-10-07T07:38:30Z,xrp,coingecko,1.47,usd
2026-10-07T07:38:30Z,btc,coingecko,84255,usd
2026-10-07T07:38:30Z,doge,coingecko,0.090912,usd
2026-10-07T07:38:30Z,marscoin,coingecko,0.074209,usd
2026-10-07T07:38:30Z,mcat,coingecko,0.704661,usd
2026-10-07T07:38:30Z,ai2,coingecko,0.124751,usd
2026-10-07T07:38:30Z,trump,coingecko,0.00000415,usd
2026-10-07T07:48:10Z,xrp,coingecko,1.47,usd
2026-10-07T07:48:40Z,btc,coingecko,84239,usd
2026-10-07T07:48:10Z,doge,coingecko,0.090942,usd
2026-10-07T07:48:40Z,marscoin,coingecko,0.074214,usd
2026-10-07T07:48:40Z,mcat,coingecko,0.715147,usd
2026-10-07T07:48:40Z,ai2,coingecko,0.124833,usd
2026-10-07T07:48:40Z,trump,coingecko,0.00000415,usd
2026-10-07T07:58:30Z,xrp,coingecko,1.47,usd
2026-10-07T07:58:20Z,btc,coingecko,84103,usd
2026-10-07T07:58:20Z,doge,coingecko,0.09086,usd
2026-10-07T07:58:30Z,marscoin,coingecko,0.074219,usd
2026-10-07T07:58:30Z,mcat,coingecko,0.696449,usd
2026-10-07T07:58:30Z,ai2,coingecko,0.125026,usd
2026-10-07T07:58:30Z,trump,coingecko,0.00000415,usd
2026-10-07T08:08:30Z,xrp,coingecko,1.47,usd
2026-10-07T08:08:20Z,btc,coingecko,84054,usd
2026-10-07T08:08:30Z,doge,coingecko,0.090824,usd
2026-10-07T08:08:30Z,marscoin,coingecko,0.074215,usd
2026-10-07T08:08:30Z,mcat,coingecko,0.587853,usd
2026-10-07T08:08:30Z,ai2,coingecko,0.125218,usd
2026-10-07T08:08:30Z,trump,coingecko,0.00000414,usd
2026-10-07T08:18:30Z,xrp,coingecko,1.47,usd
2026-10-07T08:18:30Z,btc,coingecko,83985,usd
2026-10-07T08:18:30Z,doge,coingecko,0.090787,usd
2026-10-07T08:18:30Z,marscoin,coingecko,0.074224,usd
2026-10-07T08:18:30Z,mcat,coingecko,0.533184,usd
2026-10-07T08:18:30Z,ai2,coingecko,0.125055,usd
2026-10-07T08:18:30Z,trump,coingecko,0.00000414,usd
2026-10-07T08:28:30Z,xrp,coingecko,1.47,usd
2026-10-07T08:28:20Z,btc,coingecko,84030,usd
2026-10-07T08:28:20Z,doge,coingecko,0.090887,usd
2026-10-07T08:28:30Z,marscoin,coingecko,0.074232,usd
2026-10-07T08:28:30Z,mcat,coingecko,0.541498,usd
2026-10-07T08:28:30Z,ai2,coingecko,0.125761,usd
2026-10-07T08:28:20Z,trump,coingecko,0.00000414,usd
2026-10-07T08:38:20Z,xrp,coingecko,1.47,usd
2026-10-07T08:38:40Z,btc,coingecko,84030,usd
2026-10-07T08:38:30Z,doge,coingecko,0.090896,usd
2026-10-07T08:38:40Z,marscoin,coingecko,0.074222,usd
2026-10-07T08:38:40Z,mcat,coingecko,0.536315,usd
2026-10-07T08:38:40Z,ai2,coingecko,0.126103,usd
2026-10-07T08:38:40Z,trump,coingecko,0.00000414,usd
2026-10-07T08:48:30Z,xrp,coingecko,1.46,usd
2026-10-07T08:48:40Z,btc,coingecko,84000,usd
2026-10-07T08:48:30Z,doge,coingecko,0.09077,usd
2026-10-07T08:48:40Z,marscoin,coingecko,0.074226,usd
2026-10-07T08:48:40Z,mcat,coingecko,0.555789,usd
2026-10-07T08:48:40Z,ai2,coingecko,0.123785,usd
2026-10-07T08:48:40Z,trump,coingecko,0.00000413,usd
2026-10-07T08:58:20Z,xrp,coingecko,1.46,usd
2026-10-07T08:58:40Z,btc,coingecko,83939,usd
2026-10-07T08:58:40Z,doge,coingecko,0.09042,usd
2026-10-07T08:58:40Z,marscoin,coingecko,0.074217,usd
2026-10-07T08:58:40Z,mcat,coingecko,0.547559,usd
2026-10-07T08:58:40Z,ai2,coingecko,0.12472,usd
2026-10-07T08:58:40Z,trump,coingecko,0.00000412,usd
2026-10-07T09:08:20Z,xrp,coingecko,1.46,usd
2026-10-07T09:08:30Z,btc,coingecko,83924,usd
2026-10-07T09:08:20Z,doge,coingecko,0.090342,usd
2026-10-07T09:08:30Z,marscoin,coingecko,0.074228,usd
2026-10-07T09:08:30Z,mcat,coingecko,0.571858,usd
2026-10-07T09:08:30Z,ai2,coingecko,0.124817,usd
2026-10-07T09:08:30Z,trump,coingecko,0.00000411,usd
2026-10-07T09:18:30Z,xrp,coingecko,1.46,usd
2026-10-07T09:18:30Z,btc,coingecko,83835,usd
2026-10-07T09:18:30Z,doge,coingecko,0.089996,usd
2026-10-07T09:18:30Z,marscoin,coingecko,0.074226,usd
2026-10-07T09:18:30Z,mcat,coingecko,0.581579,usd
2026-10-07T09:18:30Z,ai2,coingecko,0.125392,usd
2026-10-07T09:18:30Z,trump,coingecko,0.00000411,usd
2026-10-07T09:28:30Z,xrp,coingecko,1.46,usd
2026-10-07T09:28:30Z,btc,coingecko,83818,usd
2026-10-07T09:28:40Z,doge,coingecko,0.089945,usd
2026-10-07T09:28:40Z,marscoin,coingecko,0.074227,usd
2026-10-07T09:28:40Z,mcat,coingecko,0.581154,usd
2026-10-07T09:28:40Z,ai2,coingecko,0.125405,usd
2026-10-07T09:28:40Z,trump,coingecko,0.00000411,usd
2026-10-07T09:38:20Z,xrp,coingecko,1.45,usd
2026-10-07T09:38:20Z,btc,coingecko,83713,usd
2026-10-07T09:38:10Z,doge,coingecko,0.089791,usd
2026-10-07T09:38:30Z,marscoin,coingecko,0.074232,usd
2026-10-07T09:38:30Z,mcat,coingecko,0.619687,usd
2026-10-07T09:38:30Z,ai2,coingecko,0.125086,usd
2026-10-07T09:38:20Z,trump,coingecko,0.0000041,usd
2026-10-07T09:48:20Z,xrp,coingecko,1.45,usd
2026-10-07T09:48:20Z,btc,coingecko,83764,usd
2026-10-07T09:48:20Z,doge,coingecko,0.08956,usd
2026-10-07T09:48:40Z,marscoin,coingecko,0.074225,usd
2026-10-07T09:48:40Z,mcat,coingecko,0.589408,usd
2026-10-07T09:48:40Z,ai2,coingecko,0.124395,usd
2026-10-07T09:48:20Z,trump,coingecko,0.0000041,usd
2026-10-07T09:58:30Z,xrp,coingecko,1.45,usd
2026-10-07T09:58:30Z,btc,coingecko,83722,usd
2026-10-07T09:58:40Z,doge,coingecko,0.089591,usd
2026-10-07T09:58:40Z,marscoin,coingecko,0.074236,usd
2026-10-07T09:58:40Z,mcat,coingecko,0.586871,usd
2026-10-07T09:58:40Z,ai2,coingecko,0.124244,usd
2026-10-07T09:58:30Z,trump,coingecko,0.00000411,usd
2026-10-07T10:06:50Z,xrp,coingecko,1.45,usd
2026-10-07T10:06:40Z,btc,coingecko,83746,usd
2026-10-07T10:06:50Z,doge,coingecko,0.089455,usd
2026-10-07T10:07:00Z,marscoin,coingecko,0.074237,usd
2026-10-07T10:07:00Z,mcat,coingecko,0.590608,usd
2026-10-07T10:07:00Z,ai2,coingecko,0.12379,usd
2026-10-07T10:06:50Z,trump,coingecko,0.00000411,usd
2026-10-07T10:16:50Z,xrp,coingecko,1.45,usd
2026-10-07T10:16:30Z,btc,coingecko,83821,usd
2026-10-07T10:16:40Z,doge,coingecko,0.089378,usd
2026-10-07T10:17:00Z,marscoin,coingecko,0.074253,usd
2026-10-07T10:17:00Z,mcat,coingecko,0.58923,usd
2026-10-07T10:17:00Z,ai2,coingecko,0.124086,usd
2026-10-07T10:16:40Z,trump,coingecko,0.00000411,usd
2026-10-07T10:26:50Z,xrp,coingecko,1.45,usd
2026-10-07T10:26:50Z,btc,coingecko,83879,usd
2026-10-07T10:26:40Z,doge,coingecko,0.089513,usd
2026-10-07T10:26:50Z,marscoin,coingecko,0.074249,usd
2026-10-07T10:26:50Z,mcat,coingecko,0.591169,usd
2026-10-07T10:26:50Z,ai2,coingecko,0.124151,usd
2026-10-07T10:26:40Z,trump,coingecko,0.00000411,usd
2026-10-07T10:36:50Z,xrp,coingecko,1.45,usd
2026-10-07T10:36:50Z,btc,coingecko,83728,usd
2026-10-07T10:36:40Z,doge,coingecko,0.089394,usd
2026-10-07T10:36:50Z,marscoin,coingecko,0.074264,usd
2026-10-07T10:36:50Z,mcat,coingecko,0.593729,usd
2026-10-07T10:36:50Z,ai2,coingecko,0.124217,usd
2026-10-07T10:36:50Z,trump,coingecko,0.0000041,usd
2026-10-07T10:46:50Z,xrp,coingecko,1.45,usd
2026-10-07T10:46:50Z,btc,coingecko,83658,usd
2026-10-07T10:46:50Z,doge,coingecko,0.0894,usd
2026-10-07T10:46:50Z,marscoin,coingecko,0.074265,usd
2026-10-07T10:46:50Z,mcat,coingecko,0.595895,usd
2026-10-07T10:46:50Z,ai2,coingecko,0.124026,usd
2026-10-07T10:46:50Z,trump,coingecko,0.00000411,usd
2026-10-07T10:56:40Z,xrp,coingecko,1.45,usd
2026-10-07T10:56:40Z,btc,coingecko,83726,usd
2026-10-07T10:56:40Z,doge,coingecko,0.089403,usd
2026-10-07T10:57:00Z,marscoin,coingecko,0.074252,usd
2026-10-07T10:57:00Z,mcat,coingecko,0.601326,usd
2026-10-07T10:57:00Z,ai2,coingecko,0.123714,usd
2026-10-07T10:56:40Z,trump,coingecko,0.00000411,usd
2026-10-07T11:06:40Z,xrp,coingecko,1.45,usd
2026-10-07T11:06:40Z,btc,coingecko,83736,usd
2026-10-07T11:06:40Z,doge,coingecko,0.089342,usd
2026-10-07T11:06:50Z,marscoin,coingecko,0.074265,usd
2026-10-07T11:06:50Z,mcat,coingecko,0.61945,usd
2026-10-07T11:06:50Z,ai2,coingecko,0.122998,usd
2026-10-07T11:06:50Z,trump,coingecko,0.00000411,usd
2026-10-07T11:16:40Z,xrp,coingecko,1.45,usd
2026-10-07T11:16:30Z,btc,coingecko,83789,usd
2026-10-07T11:16:30Z,doge,coingecko,0.089386,usd
2026-10-07T11:17:00Z,marscoin,coingecko,0.074262,usd
2026-10-07T11:17:00Z,mcat,coingecko,0.619394,usd
2026-10-07T11:17:00Z,ai2,coingecko,0.122011,usd
2026-10-07T11:16:40Z,trump,coingecko,0.00000409,usd
2026-10-07T11:26:50Z,xrp,coingecko,1.45,usd
2026-10-07T11:26:30Z,btc,coingecko,83694,usd
2026-10-07T11:26:30Z,doge,coingecko,0.089131,usd
2026-10-07T11:26:50Z,marscoin,coingecko,0.074275,usd
2026-10-07T11:26:50Z,mcat,coingecko,0.629568,usd
2026-10-07T11:26:50Z,ai2,coingecko,0.120008,usd
2026-10-07T11:26:30Z,trump,coingecko,0.00000408,usd
2026-10-07T11:36:50Z,xrp,coingecko,1.44,usd
2026-10-07T11:36:40Z,btc,coingecko,83644,usd
2026-10-07T11:36:40Z,doge,coingecko,0.089063,usd
2026-10-07T11:36:50Z,marscoin,coingecko,0.074267,usd
2026-10-07T11:36:50Z,mcat,coingecko,0.630594,usd
2026-10-07T11:36:50Z,ai2,coingecko,0.118831,usd
2026-10-07T11:36:50Z,trump,coingecko,0.00000408,usd
2026-10-07T11:46:50Z,xrp,coingecko,1.44,usd
2026-10-07T11:46:40Z,btc,coingecko,83610,usd
2026-10-07T11:46:40Z,doge,coingecko,0.08897,usd
2026-10-07T11:47:00Z,marscoin,coingecko,0.074289,usd
2026-10-07T11:47:00Z,mcat,coingecko,0.638665,usd
2026-10-07T11:47:00Z,ai2,coingecko,0.117523,usd
2026-10-07T11:47:00Z,trump,coingecko,0.00000407,usd
2026-10-07T11:56:40Z,xrp,coingecko,1.44,usd
2026-10-07T11:56:50Z,btc,coingecko,83655,usd
2026-10-07T11:56:40Z,doge,coingecko,0.088873,usd
2026-10-07T11:56:50Z,marscoin,coingecko,0.074299,usd
2026-10-07T11:56:50Z,mcat,coingecko,0.641452,usd
2026-10-07T11:56:50Z,ai2,coingecko,0.115974,usd
2026-10-07T11:56:40Z,trump,coingecko,0.00000407,usd
2026-10-07T12:06:50Z,xrp,coingecko,1.45,usd
2026-10-07T12:06:50Z,btc,coingecko,83629,usd
2026-10-07T12:06:50Z,doge,coingecko,0.088912,usd
2026-10-07T12:06:50Z,marscoin,coingecko,0.074307,usd
2026-10-07T12:06:50Z,mcat,coingecko,0.640613,usd
2026-10-07T12:06:50Z,ai2,coingecko,0.116706,usd
2026-10-07T12:06:20Z,trump,coingecko,0.00000407,usd
2026-10-07T12:16:40Z,xrp,coingecko,1.45,usd
2026-10-07T12:16:40Z,btc,coingecko,83578,usd
2026-10-07T12:16:40Z,doge,coingecko,0.089093,usd
2026-10-07T12:16:50Z,marscoin,coingecko,0.074308,usd
2026-10-07T12:16:50Z,mcat,coingecko,0.640873,usd
2026-10-07T12:16:50Z,ai2,coingecko,0.116589,usd
2026-10-07T12:16:40Z,trump,coingecko,0.00000407,usd
2026-10-07T12:26:50Z,xrp,coingecko,1.44,usd
2026-10-07T12:26:40Z,btc,coingecko,83468,usd
2026-10-07T12:26:50Z,doge,coingecko,0.088684,usd
2026-10-07T12:27:00Z,marscoin,coingecko,0.074319,usd
2026-10-07T12:27:00Z,mcat,coingecko,0.646387,usd
2026-10-07T12:27:00Z,ai2,coingecko,0.117169,usd
2026-10-07T12:26:30Z,trump,coingecko,0.00000407,usd
2026-10-07T12:36:50Z,xrp,coingecko,1.45,usd
2026-10-07T12:37:00Z,btc,coingecko,83628,usd
2026-10-07T12:36:50Z,doge,coingecko,0.089039,usd
2026-10-07T12:37:00Z,marscoin,coingecko,0.074327,usd
2026-10-07T12:37:00Z,mcat,coingecko,0.645896,usd
2026-10-07T12:37:00Z,ai2,coingecko,0.118989,usd
2026-10-07T12:37:00Z,trump,coingecko,0.00000408,usd
2026-10-07T12:46:40Z,xrp,coingecko,1.44,usd
2026-10-07T12:46:40Z,btc,coingecko,83438,usd
2026-10-07T12:46:50Z,doge,coingecko,0.088692,usd
2026-10-07T12:47:00Z,marscoin,coingecko,0.074337,usd
2026-10-07T12:47:00Z,mcat,coingecko,0.634963,usd
2026-10-07T12:47:00Z,ai2,coingecko,0.119959,usd
2026-10-07T12:47:00Z,trump,coingecko,0.00000406,usd
2026-10-07T12:56:50Z,xrp,coingecko,1.44,usd
2026-10-07T12:56:50Z,btc,coingecko,83427,usd
2026-10-07T12:56:40Z,doge,coingecko,0.088683,usd
2026-10-07T12:57:00Z,marscoin,coingecko,0.07434,usd
2026-10-07T12:57:00Z,mcat,coingecko,0.591309,usd
2026-10-07T12:57:00Z,ai2,coingecko,0.117818,usd
2026-10-07T12:56:40Z,trump,coingecko,0.00000406,usd
2026-10-07T13:06:50Z,xrp,coingecko,1.44,usd
2026-10-07T13:06:50Z,btc,coingecko,83461,usd
2026-10-07T13:06:40Z,doge,coingecko,0.088735,usd
2026-10-07T13:07:00Z,marscoin,coingecko,0.074341,usd
2026-10-07T13:07:00Z,mcat,coingecko,0.562443,usd
2026-10-07T13:07:00Z,ai2,coingecko,0.117538,usd
2026-10-07T13:07:00Z,trump,coingecko,0.00000406,usd
2026-10-07T13:16:50Z,xrp,coingecko,1.44,usd
2026-10-07T13:16:40Z,btc,coingecko,83399,usd
2026-10-07T13:16:40Z,doge,coingecko,0.088557,usd
2026-10-07T13:16:50Z,marscoin,coingecko,0.074336,usd
2026-10-07T13:16:50Z,mcat,coingecko,0.541037,usd
2026-10-07T13:16:50Z,ai2,coingecko,0.1174,usd
2026-10-07T13:16:30Z,trump,coingecko,0.00000406,usd
2026-10-07T13:26:50Z,xrp,coingecko,1.44,usd
2026-10-07T13:26:40Z,btc,coingecko,83319,usd
2026-10-07T13:26:40Z,doge,coingecko,0.088492,usd
2026-10-07T13:27:00Z,marscoin,coingecko,0.074344,usd
2026-10-07T13:27:00Z,mcat,coingecko,0.535639,usd
2026-10-07T13:27:00Z,ai2,coingecko,0.116878,usd
2026-10-07T13:26:40Z,trump,coingecko,0.00000405,usd
2026-10-07T13:36:40Z,xrp,coingecko,1.44,usd
2026-10-07T13:36:50Z,btc,coingecko,83352,usd
2026-10-07T13:36:50Z,doge,coingecko,0.088419,usd
2026-10-07T13:36:50Z,marscoin,coingecko,0.074333,usd
2026-10-07T13:36:50Z,mcat,coingecko,0.538791,usd
2026-10-07T13:36:50Z,ai2,coingecko,0.116781,usd
2026-10-07T13:36:50Z,trump,coingecko,0.00000404,usd
2026-10-07T13:46:40Z,xrp,coingecko,1.43,usd
2026-10-07T13:46:40Z,btc,coingecko,83018,usd
2026-10-07T13:46:50Z,doge,coingecko,0.088253,usd
2026-10-07T13:46:50Z,marscoin,coingecko,0.074341,usd
2026-10-07T13:46:50Z,mcat,coingecko,0.544961,usd
2026-10-07T13:46:50Z,ai2,coingecko,0.114949,usd
2026-10-07T13:46:40Z,trump,coingecko,0.00000402,usd
2026-10-07T13:56:30Z,xrp,coingecko,1.44,usd
2026-10-07T13:56:30Z,btc,coingecko,83342,usd
2026-10-07T13:56:50Z,doge,coingecko,0.088873,usd
2026-10-07T13:56:50Z,marscoin,coingecko,0.074334,usd
2026-10-07T13:56:50Z,mcat,coingecko,0.552593,usd
2026-10-07T13:56:50Z,ai2,coingecko,0.11495,usd
2026-10-07T13:56:30Z,trump,coingecko,0.00000406,usd
2026-10-07T14:06:50Z,xrp,coingecko,1.43,usd
2026-10-07T14:06:30Z,btc,coingecko,83061,usd
2026-10-07T14:06:40Z,doge,coingecko,0.0884,usd
2026-10-07T14:06:50Z,marscoin,coingecko,0.074353,usd
2026-10-07T14:06:50Z,mcat,coingecko,0.558742,usd
2026-10-07T14:06:50Z,ai2,coingecko,0.11548,usd
2026-10-07T14:06:40Z,trump,coingecko,0.00000405,usd
2026-10-07T14:16:40Z,xrp,coingecko,1.43,usd
2026-10-07T14:16:50Z,btc,coingecko,83109,usd
2026-10-07T14:16:40Z,doge,coingecko,0.08833,usd
2026-10-07T14:16:50Z,marscoin,coingecko,0.07439,usd
2026-10-07T14:16:50Z,mcat,coingecko,0.564195,usd
2026-10-07T14:16:50Z,ai2,coingecko,0.115305,usd
2026-10-07T14:16:40Z,trump,coingecko,0.00000404,usd
2026-10-07T14:26:30Z,xrp,coingecko,1.43,usd
2026-10-07T14:26:50Z,btc,coingecko,83107,usd
2026-10-07T14:26:50Z,doge,coingecko,0.088445,usd
2026-10-07T14:27:00Z,marscoin,coingecko,0.07438,usd
2026-10-07T14:27:00Z,mcat,coingecko,0.56255,usd
2026-10-07T14:27:00Z,ai2,coingecko,0.115489,usd
2026-10-07T14:26:30Z,trump,coingecko,0.00000403,usd
2026-10-07T14:36:30Z,xrp,coingecko,1.43,usd
2026-10-07T14:36:40Z,btc,coingecko,83129,usd
2026-10-07T14:36:50Z,doge,coingecko,0.088432,usd
2026-10-07T14:36:50Z,marscoin,coingecko,0.07438,usd
2026-10-07T14:36:50Z,mcat,coingecko,0.566874,usd
2026-10-07T14:36:50Z,ai2,coingecko,0.11509,usd
2026-10-07T14:36:40Z,trump,coingecko,0.00000403,usd
2026-10-07T14:46:50Z,xrp,coingecko,1.43,usd
2026-10-07T14:46:40Z,btc,coingecko,82980,usd
2026-10-07T14:46:40Z,doge,coingecko,0.088185,usd
2026-10-07T14:46:50Z,marscoin,coingecko,0.074379,usd
2026-10-07T14:46:50Z,mcat,coingecko,0.559778,usd
2026-10-07T14:46:50Z,ai2,coingecko,0.115096,usd
2026-10-07T14:46:20Z,trump,coingecko,0.00000402,usd
2026-10-07T14:56:50Z,xrp,coingecko,1.43,usd
2026-10-07T14:56:20Z,btc,coingecko,82949,usd
2026-10-07T14:56:20Z,doge,coingecko,0.088216,usd
2026-10-07T14:56:50Z,marscoin,coingecko,0.074177,usd
2026-10-07T14:56:50Z,mcat,coingecko,0.556858,usd
2026-10-07T14:56:50Z,ai2,coingecko,0.113563,usd
2026-10-07T14:56:20Z,trump,coingecko,0.00000402,usd
2026-10-07T15:06:40Z,xrp,coingecko,1.43,usd
2026-10-07T15:06:30Z,btc,coingecko,82905,usd
2026-10-07T15:06:30Z,doge,coingecko,0.088143,usd
2026-10-07T15:06:50Z,marscoin,coingecko,0.074183,usd
2026-10-07T15:06:50Z,mcat,coingecko,0.558725,usd
2026-10-07T15:06:50Z,ai2,coingecko,0.112587,usd
2026-10-07T15:06:30Z,trump,coingecko,0.00000402,usd
2026-10-07T15:16:30Z,xrp,coingecko,1.43,usd
2026-10-07T15:16:40Z,btc,coingecko,83076,usd
2026-10-07T15:16:50Z,doge,coingecko,0.088288,usd
2026-10-07T15:16:50Z,marscoin,coingecko,0.074195,usd
2026-10-07T15:16:50Z,mcat,coingecko,0.555893,usd
2026-10-07T15:16:50Z,ai2,coingecko,0.111424,usd
2026-10-07T15:16:40Z,trump,coingecko,0.00000403,usd
2026-10-07T15:26:30Z,xrp,coingecko,1.42,usd
2026-10-07T15:26:40Z,btc,coingecko,82984,usd
2026-10-07T15:26:40Z,doge,coingecko,0.088115,usd
2026-10-07T15:26:50Z,marscoin,coingecko,0.074179,usd
2026-10-07T15:26:50Z,mcat,coingecko,0.557021,usd
2026-10-07T15:26:50Z,ai2,coingecko,0.112378,usd
2026-10-07T15:26:40Z,trump,coingecko,0.00000402,usd
2026-10-07T15:34:50Z,xrp,coingecko,1.43,usd
2026-10-07T15:34:50Z,btc,coingecko,83207,usd
2026-10-07T15:34:50Z,doge,coingecko,0.088434,usd
2026-10-07T15:35:10Z,marscoin,coingecko,0.074198,usd
2026-10-07T15:35:10Z,mcat,coingecko,0.56769,usd
2026-10-07T15:35:10Z,ai2,coingecko,0.11225,usd
2026-10-07T15:35:10Z,trump,coingecko,0.00000404,usd
2026-10-07T15:44:50Z,xrp,coingecko,1.43,usd
2026-10-07T15:45:10Z,btc,coingecko,83291,usd
2026-10-07T15:44:50Z,doge,coingecko,0.088474,usd
2026-10-07T15:45:10Z,marscoin,coingecko,0.074208,usd
2026-10-07T15:45:10Z,mcat,coingecko,0.5667,usd
2026-10-07T15:45:10Z,ai2,coingecko,0.113012,usd
2026-10-07T15:45:10Z,trump,coingecko,0.00000404,usd
2026-10-07T15:55:10Z,xrp,coingecko,1.43,usd
2026-10-07T15:55:10Z,btc,coingecko,83383,usd
2026-10-07T15:55:10Z,doge,coingecko,0.088779,usd
2026-10-07T15:55:10Z,marscoin,coingecko,0.074226,usd
2026-10-07T15:55:10Z,mcat,coingecko,0.567709,usd
2026-10-07T15:55:10Z,ai2,coingecko,0.114982,usd
2026-10-07T15:55:10Z,trump,coingecko,0.00000405,usd
2026-10-07T16:04:10Z,xrp,coingecko,1.44,usd
2026-10-07T16:04:20Z,btc,coingecko,83449,usd
2026-10-07T16:04:10Z,doge,coingecko,0.088895,usd
2026-10-07T16:04:40Z,marscoin,coingecko,0.074248,usd
2026-10-07T16:04:40Z,mcat,coingecko,0.568297,usd
2026-10-07T16:04:40Z,ai2,coingecko,0.118271,usd
2026-10-07T16:04:30Z,trump,coingecko,0.00000406,usd
2026-10-07T16:15:10Z,xrp,coingecko,1.44,usd
2026-10-07T16:14:50Z,btc,coingecko,83478,usd
2026-10-07T16:15:20Z,doge,coingecko,0.088879,usd
2026-10-07T16:15:20Z,marscoin,coingecko,0.074276,usd
2026-10-07T16:15:20Z,mcat,coingecko,0.565285,usd
2026-10-07T16:15:20Z,ai2,coingecko,0.116589,usd
2026-10-07T16:15:20Z,trump,coingecko,0.00000406,usd
2026-10-07T16:24:50Z,xrp,coingecko,1.44,usd
2026-10-07T16:24:50Z,btc,coingecko,83488,usd
2026-10-07T16:24:50Z,doge,coingecko,0.088829,usd
2026-10-07T16:25:10Z,marscoin,coingecko,0.074257,usd
2026-10-07T16:25:10Z,mcat,coingecko,0.56379,usd
2026-10-07T16:25:10Z,ai2,coingecko,0.115483,usd
2026-10-07T16:24:50Z,trump,coingecko,0.00000406,usd
2026-10-07T16:35:10Z,xrp,coingecko,1.44,usd
2026-10-07T16:35:10Z,btc,coingecko,83545,usd
2026-10-07T16:35:10Z,doge,coingecko,0.088982,usd
2026-10-07T16:35:10Z,marscoin,coingecko,0.074273,usd
2026-10-07T16:35:10Z,mcat,coingecko,0.563788,usd
2026-10-07T16:35:10Z,ai2,coingecko,0.114115,usd
2026-10-07T16:35:10Z,trump,coingecko,0.00000406,usd
2026-10-07T16:44:50Z,xrp,coingecko,1.43,usd
2026-10-07T16:45:00Z,btc,coingecko,83400,usd
2026-10-07T16:45:10Z,doge,coingecko,0.088617,usd
2026-10-07T16:45:10Z,marscoin,coingecko,0.074269,usd
2026-10-07T16:45:10Z,mcat,coingecko,0.563318,usd
2026-10-07T16:45:10Z,ai2,coingecko,0.113948,usd
2026-10-07T16:44:50Z,trump,coingecko,0.00000405,usd
2026-10-07T16:55:10Z,xrp,coingecko,1.43,usd
2026-10-07T16:55:10Z,btc,coingecko,83381,usd
2026-10-07T16:55:10Z,doge,coingecko,0.088573,usd
2026-10-07T16:55:20Z,marscoin,coingecko,0.074256,usd
2026-10-07T16:55:20Z,mcat,coingecko,0.553371,usd
2026-10-07T16:55:20Z,ai2,coingecko,0.113352,usd
2026-10-07T16:55:10Z,trump,coingecko,0.00000404,usd
2026-10-07T17:05:10Z,xrp,coingecko,1.43,usd
2026-10-07T17:04:50Z,btc,coingecko,83489,usd
2026-10-07T17:05:10Z,doge,coingecko,0.088821,usd
2026-10-07T17:05:10Z,marscoin,coingecko,0.074279,usd
2026-10-07T17:05:10Z,mcat,coingecko,0.552941,usd
2026-10-07T17:05:10Z,ai2,coingecko,0.113157,usd
2026-10-07T17:04:40Z,trump,coingecko,0.00000405,usd
2026-10-07T17:15:00Z,xrp,coingecko,1.43,usd
2026-10-07T17:15:10Z,btc,coingecko,83499,usd
2026-10-07T17:14:50Z,doge,coingecko,0.088791,usd
2026-10-07T17:15:20Z,marscoin,coingecko,0.074279,usd
2026-10-07T17:15:20Z,mcat,coingecko,0.55607,usd
2026-10-07T17:15:20Z,ai2,coingecko,0.111129,usd
2026-10-07T17:15:00Z,trump,coingecko,0.00000405,usd
2026-10-07T17:25:00Z,xrp,coingecko,1.42,usd
2026-10-07T17:25:00Z,btc,coingecko,83379,usd
2026-10-07T17:24:50Z,doge,coingecko,0.088492,usd
2026-10-07T17:25:10Z,marscoin,coingecko,0.074292,usd
2026-10-07T17:25:10Z,mcat,coingecko,0.55129,usd
2026-10-07T17:25:10Z,ai2,coingecko,0.111355,usd
2026-10-07T17:25:00Z,trump,coingecko,0.00000404,usd
2026-10-07T17:35:10Z,xrp,coingecko,1.42,usd
2026-10-07T17:35:00Z,btc,coingecko,83226,usd
2026-10-07T17:35:10Z,doge,coingecko,0.088383,usd
2026-10-07T17:35:10Z,marscoin,coingecko,0.074261,usd
2026-10-07T17:35:10Z,mcat,coingecko,0.550585,usd
2026-10-07T17:35:10Z,ai2,coingecko,0.111489,usd
2026-10-07T17:35:10Z,trump,coingecko,0.00000404,usd
2026-10-07T17:44:50Z,xrp,coingecko,1.42,usd
2026-10-07T17:45:10Z,btc,coingecko,83037,usd
2026-10-07T17:44:50Z,doge,coingecko,0.088126,usd
2026-10-07T17:45:10Z,marscoin,coingecko,0.074262,usd
2026-10-07T17:45:10Z,mcat,coingecko,0.551001,usd
2026-10-07T17:45:10Z,ai2,coingecko,0.111983,usd
2026-10-07T17:44:50Z,trump,coingecko,0.00000402,usd
2026-10-07T17:55:10Z,xrp,coingecko,1.42,usd
2026-10-07T17:55:10Z,btc,coingecko,83119,usd
2026-10-07T17:55:10Z,doge,coingecko,0.088171,usd
2026-10-07T17:55:20Z,marscoin,coingecko,0.074236,usd
2026-10-07T17:55:20Z,mcat,coingecko,0.550802,usd
2026-10-07T17:55:20Z,ai2,coingecko,0.112067,usd
2026-10-07T17:55:10Z,trump,coingecko,0.00000402,usd
2026-10-07T18:04:50Z,xrp,coingecko,1.42,usd
2026-10-07T18:05:10Z,btc,coingecko,83347,usd
2026-10-07T18:04:50Z,doge,coingecko,0.088643,usd
2026-10-07T18:05:10Z,marscoin,coingecko,0.074226,usd
2026-10-07T18:05:10Z,mcat,coingecko,0.550972,usd
2026-10-07T18:05:10Z,ai2,coingecko,0.11209,usd
2026-10-07T18:04:50Z,trump,coingecko,0.00000404,usd
2026-10-07T18:14:50Z,xrp,coingecko,1.42,usd
2026-10-07T18:15:00Z,btc,coingecko,83315,usd
2026-10-07T18:14:50Z,doge,coingecko,0.08849,usd
2026-10-07T18:15:10Z,marscoin,coingecko,0.074201,usd
2026-10-07T18:15:10Z,mcat,coingecko,0.551028,usd
2026-10-07T18:15:10Z,ai2,coingecko,0.112383,usd
2026-10-07T18:15:00Z,trump,coingecko,0.00000404,usd
2026-10-07T18:25:00Z,xrp,coingecko,1.42,usd
2026-10-07T18:24:50Z,btc,coingecko,83272,usd
2026-10-07T18:25:00Z,doge,coingecko,0.08845,usd
2026-10-07T18:25:20Z,marscoin,coingecko,0.074231,usd
2026-10-07T18:25:20Z,mcat,coingecko,0.548859,usd
2026-10-07T18:25:20Z,ai2,coingecko,0.112254,usd
2026-10-07T18:24:50Z,trump,coingecko,0.00000404,usd
2026-10-07T18:35:10Z,xrp,coingecko,1.42,usd
2026-10-07T18:34:50Z,btc,coingecko,83278,usd
2026-10-07T18:35:10Z,doge,coingecko,0.088413,usd
2026-10-07T18:35:10Z,marscoin,coingecko,0.074242,usd
2026-10-07T18:35:10Z,mcat,coingecko,0.549311,usd
2026-10-07T18:35:10Z,ai2,coingecko,0.112876,usd
2026-10-07T18:35:10Z,trump,coingecko,0.00000405,usd
2026-10-07T18:44:50Z,xrp,coingecko,1.42,usd
2026-10-07T18:45:00Z,btc,coingecko,83277,usd
2026-10-07T18:44:50Z,doge,coingecko,0.088476,usd
2026-10-07T18:45:20Z,marscoin,coingecko,0.074243,usd
2026-10-07T18:45:20Z,mcat,coingecko,0.548592,usd
2026-10-07T18:45:20Z,ai2,coingecko,0.112529,usd
2026-10-07T18:44:50Z,trump,coingecko,0.00000404,usd
2026-10-07T18:54:50Z,xrp,coingecko,1.42,usd
2026-10-07T18:54:50Z,btc,coingecko,83397,usd
2026-10-07T18:55:00Z,doge,coingecko,0.088544,usd
2026-10-07T18:55:20Z,marscoin,coingecko,0.074233,usd
2026-10-07T18:55:20Z,mcat,coingecko,0.548634,usd
2026-10-07T18:55:20Z,ai2,coingecko,0.112489,usd
2026-10-07T18:55:00Z,trump,coingecko,0.00000405,usd
2026-10-07T19:04:50Z,xrp,coingecko,1.42,usd
2026-10-07T19:04:50Z,btc,coingecko,83382,usd
2026-10-07T19:05:10Z,doge,coingecko,0.088501,usd
2026-10-07T19:05:20Z,marscoin,coingecko,0.074245,usd
2026-10-07T19:05:20Z,mcat,coingecko,0.547627,usd
2026-10-07T19:05:20Z,ai2,coingecko,0.112636,usd
2026-10-07T19:05:10Z,trump,coingecko,0.00000405,usd
2026-10-07T19:14:50Z,xrp,coingecko,1.43,usd
2026-10-07T19:15:10Z,btc,coingecko,83365,usd
2026-10-07T19:15:00Z,doge,coingecko,0.0885,usd
2026-10-07T19:15:10Z,marscoin,coingecko,0.074262,usd
2026-10-07T19:15:10Z,mcat,coingecko,0.54809,usd
2026-10-07T19:15:10Z,ai2,coingecko,0.112612,usd
2026-10-07T19:14:50Z,trump,coingecko,0.00000405,usd
2026-10-07T19:16:40Z,xrp,coingecko,1.43,usd
2026-10-07T19:16:40Z,btc,coingecko,83392,usd
2026-10-07T19:16:40Z,doge,coingecko,0.088542,usd
2026-10-07T19:16:40Z,marscoin,coingecko,0.074265,usd
2026-10-07T19:16:40Z,mcat,coingecko,0.548076,usd
2026-10-07T19:16:40Z,ai2,coingecko,0.112653,usd
2026-10-07T19:16:40Z,trump,coingecko,0.00000405,usd
2026-10-07T19:16:40Z,xrp,coingecko,1.43,usd
2026-10-07T19:16:40Z,btc,coingecko,83392,usd
2026-10-07T19:16:40Z,doge,coingecko,0.088542,usd
2026-10-07T19:16:40Z,marscoin,coingecko,0.074265,usd
2026-10-07T19:16:40Z,mcat,coingecko,0.548076,usd
2026-10-07T19:16:40Z,ai2,coingecko,0.112653,usd
2026-10-07T19:16:40Z,trump,coingecko,0.00000405,usd
2026-10-07T19:45:00Z,xrp,coingecko,1.42,usd
2026-10-07T19:44:50Z,btc,coingecko,83411,usd
2026-10-07T19:44:50Z,doge,coingecko,0.088608,usd
2026-10-07T19:45:00Z,marscoin,coingecko,0.074262,usd
2026-10-07T19:45:00Z,mcat,coingecko,0.548128,usd
2026-10-07T19:45:00Z,ai2,coingecko,0.113809,usd
2026-10-07T19:45:00Z,trump,coingecko,0.00000406,usd
2026-10-07T19:54:50Z,xrp,coingecko,1.42,usd
2026-10-07T19:55:10Z,btc,coingecko,83377,usd
2026-10-07T19:54:50Z,doge,coingecko,0.088602,usd
2026-10-07T19:55:10Z,marscoin,coingecko,0.074257,usd
2026-10-07T19:55:10Z,mcat,coingecko,0.548167,usd
2026-10-07T19:55:10Z,ai2,coingecko,0.113275,usd
2026-10-07T19:54:50Z,trump,coingecko,0.00000405,usd
2026-10-07T20:03:50Z,xrp,coingecko,1.42,usd
2026-10-07T20:03:50Z,btc,coingecko,83419,usd
2026-10-07T20:04:00Z,doge,coingecko,0.088527,usd
2026-10-07T20:04:00Z,marscoin,coingecko,0.074273,usd
2026-10-07T20:04:00Z,mcat,coingecko,0.548211,usd
2026-10-07T20:04:00Z,ai2,coingecko,0.112537,usd
2026-10-07T20:03:50Z,trump,coingecko,0.00000406,usd
2026-10-07T20:14:20Z,xrp,coingecko,1.42,usd
2026-10-07T20:14:50Z,btc,coingecko,83510,usd
2026-10-07T20:14:50Z,doge,coingecko,0.088718,usd
2026-10-07T20:14:50Z,marscoin,coingecko,0.074271,usd
2026-10-07T20:14:50Z,mcat,coingecko,0.54631,usd
2026-10-07T20:14:50Z,ai2,coingecko,0.112253,usd
2026-10-07T20:14:50Z,trump,coingecko,0.00000407,usd
2026-10-07T20:25:00Z,xrp,coingecko,1.42,usd
2026-10-07T20:25:00Z,btc,coingecko,83490,usd
2026-10-07T20:24:50Z,doge,coingecko,0.088795,usd
2026-10-07T20:25:20Z,marscoin,coingecko,0.074281,usd
2026-10-07T20:25:20Z,mcat,coingecko,0.546287,usd
2026-10-07T20:25:20Z,ai2,coingecko,0.111945,usd
2026-10-07T20:24:50Z,trump,coingecko,0.00000407,usd
2026-10-07T20:33:10Z,xrp,coingecko,1.42,usd
2026-10-07T20:33:10Z,btc,coingecko,83468,usd
2026-10-07T20:33:10Z,doge,coingecko,0.0888,usd
2026-10-07T20:33:10Z,marscoin,coingecko,0.074273,usd
2026-10-07T20:33:10Z,mcat,coingecko,0.546443,usd
2026-10-07T20:33:10Z,ai2,coingecko,0.111759,usd
2026-10-07T20:33:10Z,trump,coingecko,0.00000408,usd
2026-10-07T20:42:50Z,xrp,coingecko,1.42,usd
2026-10-07T20:42:50Z,btc,coingecko,83358,usd
2026-10-07T20:42:50Z,doge,coingecko,0.088664,usd
2026-10-07T20:42:50Z,marscoin,coingecko,0.074267,usd
2026-10-07T20:42:50Z,mcat,coingecko,0.546957,usd
2026-10-07T20:42:50Z,ai2,coingecko,0.112337,usd
2026-10-07T20:42:50Z,trump,coingecko,0.00000408,usd
2026-10-07T20:53:40Z,xrp,coingecko,1.42,usd
2026-10-07T20:53:30Z,btc,coingecko,83351,usd
2026-10-07T20:53:30Z,doge,coingecko,0.088798,usd
2026-10-07T20:53:40Z,marscoin,coingecko,0.074249,usd
2026-10-07T20:53:40Z,mcat,coingecko,0.549476,usd
2026-10-07T20:53:40Z,ai2,coingecko,0.112083,usd
2026-10-07T20:53:30Z,trump,coingecko,0.00000408,usd
2026-10-07T21:01:40Z,xrp,coingecko,1.42,usd
2026-10-07T21:01:40Z,btc,coingecko,83347,usd
2026-10-07T21:01:30Z,doge,coingecko,0.088807,usd
2026-10-07T21:01:40Z,marscoin,coingecko,0.074242,usd
2026-10-07T21:01:40Z,mcat,coingecko,0.549764,usd
2026-10-07T21:01:40Z,ai2,coingecko,0.111259,usd
2026-10-07T21:01:40Z,trump,coingecko,0.00000408,usd
2026-10-07T21:12:10Z,xrp,coingecko,1.42,usd
2026-10-07T21:12:10Z,btc,coingecko,83310,usd
2026-10-07T21:12:10Z,doge,coingecko,0.088728,usd
2026-10-07T21:12:10Z,marscoin,coingecko,0.074261,usd
2026-10-07T21:12:10Z,mcat,coingecko,0.547336,usd
2026-10-07T21:12:10Z,ai2,coingecko,0.109447,usd
2026-10-07T21:12:10Z,trump,coingecko,0.00000409,usd
2026-10-07T21:22:00Z,xrp,coingecko,1.42,usd
2026-10-07T21:22:00Z,btc,coingecko,83356,usd
2026-10-07T21:22:00Z,doge,coingecko,0.088722,usd
2026-10-07T21:22:20Z,marscoin,coingecko,0.074239,usd
2026-10-07T21:22:20Z,mcat,coingecko,0.546948,usd
2026-10-07T21:22:20Z,ai2,coingecko,0.10923,usd
2026-10-07T21:22:00Z,trump,coingecko,0.00000408,usd
2026-10-07T21:31:10Z,xrp,coingecko,1.42,usd
2026-10-07T21:31:10Z,btc,coingecko,83289,usd
2026-10-07T21:31:10Z,doge,coingecko,0.088526,usd
2026-10-07T21:31:10Z,marscoin,coingecko,0.074243,usd
2026-10-07T21:31:10Z,mcat,coingecko,0.546658,usd
2026-10-07T21:31:10Z,ai2,coingecko,0.109159,usd
2026-10-07T21:31:10Z,trump,coingecko,0.00000407,usd
2026-10-07T21:41:00Z,xrp,coingecko,1.41,usd
2026-10-07T21:41:00Z,btc,coingecko,83216,usd
2026-10-07T21:41:00Z,doge,coingecko,0.088318,usd
2026-10-07T21:41:00Z,marscoin,coingecko,0.074238,usd
2026-10-07T21:41:00Z,mcat,coingecko,0.545629,usd
2026-10-07T21:41:00Z,ai2,coingecko,0.109059,usd
2026-10-07T21:41:00Z,trump,coingecko,0.00000406,usd
2026-10-07T21:52:00Z,xrp,coingecko,1.41,usd
2026-10-07T21:51:20Z,btc,coingecko,83160,usd
2026-10-07T21:51:20Z,doge,coingecko,0.088366,usd
2026-10-07T21:52:10Z,marscoin,coingecko,0.074242,usd
2026-10-07T21:52:10Z,mcat,coingecko,0.545514,usd
2026-10-07T21:52:10Z,ai2,coingecko,0.108737,usd
2026-10-07T21:52:10Z,trump,coingecko,0.00000406,usd
2026-10-07T22:00:50Z,xrp,coingecko,1.42,usd
2026-10-07T22:00:50Z,btc,coingecko,83175,usd
2026-10-07T22:00:50Z,doge,coingecko,0.088528,usd
2026-10-07T22:00:50Z,marscoin,coingecko,0.074257,usd
2026-10-07T22:00:50Z,mcat,coingecko,0.545608,usd
2026-10-07T22:00:50Z,ai2,coingecko,0.108262,usd
2026-10-07T22:00:50Z,trump,coingecko,0.00000407,usd
2026-10-07T22:11:30Z,xrp,coingecko,1.42,usd
2026-10-07T22:11:20Z,btc,coingecko,83238,usd
2026-10-07T22:11:20Z,doge,coingecko,0.088717,usd
2026-10-07T22:11:30Z,marscoin,coingecko,0.074257,usd
2026-10-07T22:11:30Z,mcat,coingecko,0.543459,usd
2026-10-07T22:11:30Z,ai2,coingecko,0.107914,usd
2026-10-07T22:11:30Z,trump,coingecko,0.00000407,usd
2026-10-07T22:21:50Z,xrp,coingecko,1.41,usd
2026-10-07T22:22:00Z,btc,coingecko,83231,usd
2026-10-07T22:22:00Z,doge,coingecko,0.088677,usd
2026-10-07T22:22:30Z,marscoin,coingecko,0.074244,usd
2026-10-07T22:22:30Z,mcat,coingecko,0.543175,usd
2026-10-07T22:22:30Z,ai2,coingecko,0.107495,usd
2026-10-07T22:22:30Z,trump,coingecko,0.00000408,usd
2026-10-07T22:31:00Z,xrp,coingecko,1.42,usd
2026-10-07T22:31:00Z,btc,coingecko,83251,usd
2026-10-07T22:31:00Z,doge,coingecko,0.088698,usd
2026-10-07T22:31:20Z,marscoin,coingecko,0.074242,usd
2026-10-07T22:31:20Z,mcat,coingecko,0.545976,usd
2026-10-07T22:31:20Z,ai2,coingecko,0.1075,usd
2026-10-07T22:31:20Z,trump,coingecko,0.00000409,usd
2026-10-07T22:40:30Z,xrp,coingecko,1.42,usd
2026-10-07T22:40:30Z,btc,coingecko,83192,usd
2026-10-07T22:40:30Z,doge,coingecko,0.088656,usd
2026-10-07T22:40:30Z,marscoin,coingecko,0.074259,usd
2026-10-07T22:40:30Z,mcat,coingecko,0.545109,usd
2026-10-07T22:40:30Z,ai2,coingecko,0.108046,usd
2026-10-07T22:40:30Z,trump,coingecko,0.00000409,usd
2026-10-07T22:52:50Z,xrp,coingecko,1.42,usd
2026-10-07T22:52:40Z,btc,coingecko,83195,usd
2026-10-07T22:52:50Z,doge,coingecko,0.088741,usd
2026-10-07T22:52:50Z,marscoin,coingecko,0.074249,usd
2026-10-07T22:52:50Z,mcat,coingecko,0.546243,usd
2026-10-07T22:52:50Z,ai2,coingecko,0.108654,usd
2026-10-07T22:52:50Z,trump,coingecko,0.00000408,usd
2026-10-07T23:01:50Z,xrp,coingecko,1.42,usd
2026-10-07T23:01:50Z,btc,coingecko,83189,usd
2026-10-07T23:01:50Z,doge,coingecko,0.088712,usd
2026-10-07T23:01:50Z,marscoin,coingecko,0.074235,usd
2026-10-07T23:01:50Z,mcat,coingecko,0.548266,usd
2026-10-07T23:01:50Z,ai2,coingecko,0.108912,usd
2026-10-07T23:01:50Z,trump,coingecko,0.00000408,usd
2026-10-07T23:11:40Z,xrp,coingecko,1.42,usd
2026-10-07T23:11:40Z,btc,coingecko,83111,usd
2026-10-07T23:11:40Z,doge,coingecko,0.088587,usd
2026-10-07T23:11:40Z,marscoin,coingecko,0.074227,usd
2026-10-07T23:11:40Z,mcat,coingecko,0.546468,usd
2026-10-07T23:11:40Z,ai2,coingecko,0.108842,usd
2026-10-07T23:11:40Z,trump,coingecko,0.00000407,usd
2026-10-07T23:22:20Z,xrp,coingecko,1.42,usd
2026-10-07T23:22:20Z,btc,coingecko,83242,usd
2026-10-07T23:22:20Z,doge,coingecko,0.08871,usd
2026-10-07T23:22:20Z,marscoin,coingecko,0.074226,usd
2026-10-07T23:22:20Z,mcat,coingecko,0.545968,usd
2026-10-07T23:22:20Z,ai2,coingecko,0.109766,usd
2026-10-07T23:22:20Z,trump,coingecko,0.00000408,usd
2026-10-07T23:31:20Z,xrp,coingecko,1.42,usd
2026-10-07T23:31:20Z,btc,coingecko,83356,usd
2026-10-07T23:31:20Z,doge,coingecko,0.088879,usd
2026-10-07T23:31:20Z,marscoin,coingecko,0.074228,usd
2026-10-07T23:31:20Z,mcat,coingecko,0.547199,usd
2026-10-07T23:31:20Z,ai2,coingecko,0.109795,usd
2026-10-07T23:31:20Z,trump,coingecko,0.00000409,usd
2026-10-07T23:42:20Z,xrp,coingecko,1.42,usd
2026-10-07T23:41:50Z,btc,coingecko,83315,usd
2026-10-07T23:42:20Z,doge,coingecko,0.088894,usd
2026-10-07T23:42:20Z,marscoin,coingecko,0.074227,usd
2026-10-07T23:42:20Z,mcat,coingecko,0.546204,usd
2026-10-07T23:42:20Z,ai2,coingecko,0.110293,usd
2026-10-07T23:42:20Z,trump,coingecko,0.00000409,usd
2026-10-07T23:53:00Z,xrp,coingecko,1.42,usd
2026-10-07T23:53:10Z,btc,coingecko,83273,usd
2026-10-07T23:53:00Z,doge,coingecko,0.08897,usd
2026-10-07T23:53:30Z,marscoin,coingecko,0.074229,usd
2026-10-07T23:53:30Z,mcat,coingecko,0.546534,usd
2026-10-07T23:53:30Z,ai2,coingecko,0.109348,usd
2026-10-07T23:53:30Z,trump,coingecko,0.00000409,usd
2026-10-08T00:01:20Z,xrp,coingecko,1.42,usd
2026-10-08T00:01:20Z,btc,coingecko,83260,usd
2026-10-08T00:01:20Z,doge,coingecko,0.08896,usd
2026-10-08T00:01:20Z,marscoin,coingecko,0.074242,usd
2026-10-08T00:01:20Z,mcat,coingecko,0.547273,usd
2026-10-08T00:01:20Z,ai2,coingecko,0.109543,usd
2026-10-08T00:01:20Z,trump,coingecko,0.00000409,usd
2026-10-08T00:12:00Z,xrp,coingecko,1.42,usd
2026-10-08T00:12:00Z,btc,coingecko,83208,usd
2026-10-08T00:11:40Z,doge,coingecko,0.088968,usd
2026-10-08T00:12:00Z,marscoin,coingecko,0.074367,usd
2026-10-08T00:12:00Z,mcat,coingecko,0.538783,usd
2026-10-08T00:12:00Z,ai2,coingecko,0.108937,usd
2026-10-08T00:12:00Z,trump,coingecko,0.00000408,usd
2026-10-08T00:23:00Z,xrp,coingecko,1.42,usd
2026-10-08T00:23:00Z,btc,coingecko,83261,usd
2026-10-08T00:23:00Z,doge,coingecko,0.089233,usd
2026-10-08T00:23:10Z,marscoin,coingecko,0.074374,usd
2026-10-08T00:23:10Z,mcat,coingecko,0.522876,usd
2026-10-08T00:23:10Z,ai2,coingecko,0.109193,usd
2026-10-08T00:23:10Z,trump,coingecko,0.00000409,usd
2026-10-08T00:32:20Z,xrp,coingecko,1.42,usd
2026-10-08T00:32:20Z,btc,coingecko,83227,usd
2026-10-08T00:32:20Z,doge,coingecko,0.089201,usd
2026-10-08T00:32:40Z,marscoin,coingecko,0.074379,usd
2026-10-08T00:32:40Z,mcat,coingecko,0.523121,usd
2026-10-08T00:32:40Z,ai2,coingecko,0.108959,usd
2026-10-08T00:32:40Z,trump,coingecko,0.00000408,usd
2026-10-08T00:42:20Z,xrp,coingecko,1.42,usd
2026-10-08T00:42:20Z,btc,coingecko,83203,usd
2026-10-08T00:42:20Z,doge,coingecko,0.089149,usd
2026-10-08T00:42:20Z,marscoin,coingecko,0.074376,usd
2026-10-08T00:42:20Z,mcat,coingecko,0.510683,usd
2026-10-08T00:42:20Z,ai2,coingecko,0.109699,usd
2026-10-08T00:42:20Z,trump,coingecko,0.00000409,usd
2026-10-08T00:53:00Z,xrp,coingecko,1.42,usd
2026-10-08T00:53:10Z,btc,coingecko,83374,usd
2026-10-08T00:53:00Z,doge,coingecko,0.089356,usd
2026-10-08T00:53:10Z,marscoin,coingecko,0.074375,usd
2026-10-08T00:53:10Z,mcat,coingecko,0.517136,usd
2026-10-08T00:53:10Z,ai2,coingecko,0.109076,usd
2026-10-08T00:53:10Z,trump,coingecko,0.0000041,usd
2026-10-08T01:03:00Z,xrp,coingecko,1.42,usd
2026-10-08T01:03:00Z,btc,coingecko,83397,usd
2026-10-08T01:02:50Z,doge,coingecko,0.089437,usd
2026-10-08T01:03:00Z,marscoin,coingecko,0.074377,usd
2026-10-08T01:03:00Z,mcat,coingecko,0.525169,usd
2026-10-08T01:03:00Z,ai2,coingecko,0.108812,usd
2026-10-08T01:03:00Z,trump,coingecko,0.00000411,usd
2026-10-08T01:13:30Z,xrp,coingecko,1.43,usd
2026-10-08T01:13:20Z,btc,coingecko,83341,usd
2026-10-08T01:13:30Z,doge,coingecko,0.089445,usd
2026-10-08T01:13:30Z,marscoin,coingecko,0.074356,usd
2026-10-08T01:13:30Z,mcat,coingecko,0.531452,usd
2026-10-08T01:13:30Z,ai2,coingecko,0.109151,usd
2026-10-08T01:13:30Z,trump,coingecko,0.00000411,usd
2026-10-08T01:23:30Z,xrp,coingecko,1.42,usd
2026-10-08T01:23:20Z,btc,coingecko,83142,usd
2026-10-08T01:23:40Z,doge,coingecko,0.089127,usd
2026-10-08T01:23:30Z,marscoin,coingecko,0.074352,usd
2026-10-08T01:23:30Z,mcat,coingecko,0.53102,usd
2026-10-08T01:23:30Z,ai2,coingecko,0.109367,usd
2026-10-08T01:23:30Z,trump,coingecko,0.0000041,usd
2026-10-08T01:33:20Z,xrp,coingecko,1.43,usd
2026-10-08T01:33:20Z,btc,coingecko,83294,usd
2026-10-08T01:33:20Z,doge,coingecko,0.089331,usd
2026-10-08T01:33:20Z,marscoin,coingecko,0.074355,usd
2026-10-08T01:33:20Z,mcat,coingecko,0.529541,usd
2026-10-08T01:33:20Z,ai2,coingecko,0.111522,usd
2026-10-08T01:33:20Z,trump,coingecko,0.00000411,usd
2026-10-08T01:43:20Z,xrp,coingecko,1.42,usd
2026-10-08T01:43:30Z,btc,coingecko,83244,usd
2026-10-08T01:43:20Z,doge,coingecko,0.089136,usd
2026-10-08T01:43:30Z,marscoin,coingecko,0.07437,usd
2026-10-08T01:43:30Z,mcat,coingecko,0.52744,usd
2026-10-08T01:43:30Z,ai2,coingecko,0.112514,usd
2026-10-08T01:43:30Z,trump,coingecko,0.0000041,usd
2026-10-08T01:53:30Z,xrp,coingecko,1.42,usd
2026-10-08T01:53:20Z,btc,coingecko,83160,usd
2026-10-08T01:53:30Z,doge,coingecko,0.089061,usd
2026-10-08T01:53:40Z,marscoin,coingecko,0.074372,usd
2026-10-08T01:53:40Z,mcat,coingecko,0.523933,usd
2026-10-08T01:53:40Z,ai2,coingecko,0.111659,usd
2026-10-08T01:53:40Z,trump,coingecko,0.0000041,usd
2026-10-08T02:03:20Z,xrp,coingecko,1.42,usd
2026-10-08T02:03:30Z,btc,coingecko,83088,usd
2026-10-08T02:03:20Z,doge,coingecko,0.089027,usd
2026-10-08T02:03:30Z,marscoin,coingecko,0.074362,usd
2026-10-08T02:03:30Z,mcat,coingecko,0.525795,usd
2026-10-08T02:03:30Z,ai2,coingecko,0.111658,usd
2026-10-08T02:03:30Z,trump,coingecko,0.0000041,usd
2026-10-08T02:13:30Z,xrp,coingecko,1.42,usd
2026-10-08T02:13:40Z,btc,coingecko,83014,usd
2026-10-08T02:13:30Z,doge,coingecko,0.088954,usd
2026-10-08T02:13:40Z,marscoin,coingecko,0.074357,usd
2026-10-08T02:13:40Z,mcat,coingecko,0.525788,usd
2026-10-08T02:13:40Z,ai2,coingecko,0.111641,usd
2026-10-08T02:13:40Z,trump,coingecko,0.00000409,usd
2026-10-08T02:23:20Z,xrp,coingecko,1.42,usd
2026-10-08T02:23:40Z,btc,coingecko,83069,usd
2026-10-08T02:23:30Z,doge,coingecko,0.089043,usd
2026-10-08T02:23:40Z,marscoin,coingecko,0.074357,usd
2026-10-08T02:23:40Z,mcat,coingecko,0.530037,usd
2026-10-08T02:23:40Z,ai2,coingecko,0.111016,usd
2026-10-08T02:23:40Z,trump,coingecko,0.00000409,usd
2026-10-08T02:32:00Z,xrp,coingecko,1.42,usd
2026-10-08T02:32:00Z,btc,coingecko,83108,usd
2026-10-08T02:32:00Z,doge,coingecko,0.089046,usd
2026-10-08T02:32:00Z,marscoin,coingecko,0.074346,usd
2026-10-08T02:32:00Z,mcat,coingecko,0.540884,usd
2026-10-08T02:32:00Z,ai2,coingecko,0.11081,usd
2026-10-08T02:31:40Z,trump,coingecko,0.00000409,usd
2026-10-08T02:41:50Z,xrp,coingecko,1.42,usd
2026-10-08T02:41:40Z,btc,coingecko,83140,usd
2026-10-08T02:41:50Z,doge,coingecko,0.089119,usd
2026-10-08T02:41:50Z,marscoin,coingecko,0.074358,usd
2026-10-08T02:41:50Z,mcat,coingecko,0.540706,usd
2026-10-08T02:41:50Z,ai2,coingecko,0.110974,usd
2026-10-08T02:41:40Z,trump,coingecko,0.00000409,usd
2026-10-08T02:52:00Z,xrp,coingecko,1.43,usd
2026-10-08T02:52:00Z,btc,coingecko,83150,usd
2026-10-08T02:52:00Z,doge,coingecko,0.089113,usd
2026-10-08T02:52:00Z,marscoin,coingecko,0.074345,usd
2026-10-08T02:52:00Z,mcat,coingecko,0.540417,usd
2026-10-08T02:52:00Z,ai2,coingecko,0.112588,usd
2026-10-08T02:51:40Z,trump,coingecko,0.0000041,usd
2026-10-08T03:01:50Z,xrp,coingecko,1.43,usd
2026-10-08T03:01:40Z,btc,coingecko,83127,usd
2026-10-08T03:01:50Z,doge,coingecko,0.089087,usd
2026-10-08T03:01:50Z,marscoin,coingecko,0.07433,usd
2026-10-08T03:01:50Z,mcat,coingecko,0.540704,usd
2026-10-08T03:01:50Z,ai2,coingecko,0.113625,usd
2026-10-08T03:01:50Z,trump,coingecko,0.00000409,usd
2026-10-08T03:11:40Z,xrp,coingecko,1.42,usd
2026-10-08T03:11:50Z,btc,coingecko,82936,usd
2026-10-08T03:11:50Z,doge,coingecko,0.088796,usd
2026-10-08T03:12:00Z,marscoin,coingecko,0.074322,usd
2026-10-08T03:12:00Z,mcat,coingecko,0.539785,usd
2026-10-08T03:12:00Z,ai2,coingecko,0.113404,usd
2026-10-08T03:11:40Z,trump,coingecko,0.00000407,usd
2026-10-08T03:22:00Z,xrp,coingecko,1.42,usd
2026-10-08T03:21:50Z,btc,coingecko,82729,usd
2026-10-08T03:21:40Z,doge,coingecko,0.088596,usd
2026-10-08T03:22:00Z,marscoin,coingecko,0.074328,usd
2026-10-08T03:22:00Z,mcat,coingecko,0.541916,usd
2026-10-08T03:22:00Z,ai2,coingecko,0.11356,usd
2026-10-08T03:21:30Z,trump,coingecko,0.00000406,usd
2026-10-08T03:31:50Z,xrp,coingecko,1.42,usd
2026-10-08T03:31:40Z,btc,coingecko,82945,usd
2026-10-08T03:31:50Z,doge,coingecko,0.088715,usd
2026-10-08T03:31:50Z,marscoin,coingecko,0.074316,usd
2026-10-08T03:31:50Z,mcat,coingecko,0.541695,usd
2026-10-08T03:31:50Z,ai2,coingecko,0.113238,usd
2026-10-08T03:31:40Z,trump,coingecko,0.00000408,usd
2026-10-08T03:41:40Z,xrp,coingecko,1.42,usd
2026-10-08T03:41:40Z,btc,coingecko,82846,usd
2026-10-08T03:41:40Z,doge,coingecko,0.088677,usd
2026-10-08T03:42:00Z,marscoin,coingecko,0.074321,usd
2026-10-08T03:42:00Z,mcat,coingecko,0.54147,usd
2026-10-08T03:42:00Z,ai2,coingecko,0.11366,usd
2026-10-08T03:41:40Z,trump,coingecko,0.00000407,usd
2026-10-08T03:51:40Z,xrp,coingecko,1.42,usd
2026-10-08T03:51:50Z,btc,coingecko,82717,usd
2026-10-08T03:51:50Z,doge,coingecko,0.088594,usd
2026-10-08T03:51:50Z,marscoin,coingecko,0.074319,usd
2026-10-08T03:51:50Z,mcat,coingecko,0.545088,usd
2026-10-08T03:51:50Z,ai2,coingecko,0.114079,usd
2026-10-08T03:51:40Z,trump,coingecko,0.00000407,usd
2026-10-08T03:59:20Z,xrp,coingecko,1.42,usd
2026-10-08T03:59:20Z,btc,coingecko,82720,usd
2026-10-08T03:59:20Z,doge,coingecko,0.088549,usd
2026-10-08T03:59:20Z,marscoin,coingecko,0.074317,usd
2026-10-08T03:59:20Z,mcat,coingecko,0.544743,usd
2026-10-08T03:59:20Z,ai2,coingecko,0.11226,usd
2026-10-08T03:59:20Z,trump,coingecko,0.00000406,usd
2026-10-08T04:11:40Z,xrp,coingecko,1.41,usd
2026-10-08T04:11:40Z,btc,coingecko,82697,usd
2026-10-08T04:11:40Z,doge,coingecko,0.088533,usd
2026-10-08T04:12:00Z,marscoin,coingecko,0.074302,usd
2026-10-08T04:12:00Z,mcat,coingecko,0.541886,usd
2026-10-08T04:12:00Z,ai2,coingecko,0.111805,usd
2026-10-08T04:11:40Z,trump,coingecko,0.00000406,usd
2026-10-08T04:21:50Z,xrp,coingecko,1.4,usd
2026-10-08T04:21:50Z,btc,coingecko,82371,usd
2026-10-08T04:21:40Z,doge,coingecko,0.08666,usd
2026-10-08T04:21:50Z,marscoin,coingecko,0.074269,usd
2026-10-08T04:21:50Z,mcat,coingecko,0.540528,usd
2026-10-08T04:21:50Z,ai2,coingecko,0.111501,usd
2026-10-08T04:21:20Z,trump,coingecko,0.00000401,usd
2026-10-08T04:31:30Z,xrp,coingecko,1.41,usd
2026-10-08T04:31:30Z,btc,coingecko,82840,usd
2026-10-08T04:31:30Z,doge,coingecko,0.087632,usd
2026-10-08T04:31:50Z,marscoin,coingecko,0.074252,usd
2026-10-08T04:31:50Z,mcat,coingecko,0.529286,usd
2026-10-08T04:31:50Z,ai2,coingecko,0.111982,usd
2026-10-08T04:31:10Z,trump,coingecko,0.00000405,usd
2026-10-08T04:41:40Z,xrp,coingecko,1.4,usd
2026-10-08T04:41:40Z,btc,coingecko,82505,usd
2026-10-08T04:41:40Z,doge,coingecko,0.087127,usd
2026-10-08T04:42:00Z,marscoin,coingecko,0.074228,usd
2026-10-08T04:42:00Z,mcat,coingecko,0.529577,usd
2026-10-08T04:42:00Z,ai2,coingecko,0.111414,usd
2026-10-08T04:41:40Z,trump,coingecko,0.00000402,usd
2026-10-08T04:51:50Z,xrp,coingecko,1.4,usd
2026-10-08T04:51:40Z,btc,coingecko,82552,usd
2026-10-08T04:51:50Z,doge,coingecko,0.087479,usd
2026-10-08T04:52:00Z,marscoin,coingecko,0.074248,usd
2026-10-08T04:52:00Z,mcat,coingecko,0.528506,usd
2026-10-08T04:52:00Z,ai2,coingecko,0.110152,usd
2026-10-08T04:51:40Z,trump,coingecko,0.00000403,usd
2026-10-08T05:01:40Z,xrp,coingecko,1.4,usd
2026-10-08T05:01:40Z,btc,coingecko,82652,usd
2026-10-08T05:01:40Z,doge,coingecko,0.087399,usd
2026-10-08T05:01:50Z,marscoin,coingecko,0.074244,usd
2026-10-08T05:01:50Z,mcat,coingecko,0.528218,usd
2026-10-08T05:01:50Z,ai2,coingecko,0.110423,usd
2026-10-08T05:01:40Z,trump,coingecko,0.00000404,usd
2026-10-08T05:11:40Z,xrp,coingecko,1.4,usd
2026-10-08T05:11:30Z,btc,coingecko,82619,usd
2026-10-08T05:11:40Z,doge,coingecko,0.08757,usd
2026-10-08T05:11:50Z,marscoin,coingecko,0.074256,usd
2026-10-08T05:11:50Z,mcat,coingecko,0.537945,usd
2026-10-08T05:11:50Z,ai2,coingecko,0.110888,usd
2026-10-08T05:11:30Z,trump,coingecko,0.00000403,usd
2026-10-08T05:21:40Z,xrp,coingecko,1.41,usd
2026-10-08T05:21:40Z,btc,coingecko,82809,usd
2026-10-08T05:21:50Z,doge,coingecko,0.087757,usd
2026-10-08T05:21:50Z,marscoin,coingecko,0.074265,usd
2026-10-08T05:21:50Z,mcat,coingecko,0.534161,usd
2026-10-08T05:21:50Z,ai2,coingecko,0.110256,usd
2026-10-08T05:21:50Z,trump,coingecko,0.00000405,usd
2026-10-08T05:31:50Z,xrp,coingecko,1.41,usd
2026-10-08T05:31:40Z,btc,coingecko,82855,usd
2026-10-08T05:31:40Z,doge,coingecko,0.087737,usd
2026-10-08T05:31:50Z,marscoin,coingecko,0.074249,usd
2026-10-08T05:31:50Z,mcat,coingecko,0.51831,usd
2026-10-08T05:31:50Z,ai2,coingecko,0.110129,usd
2026-10-08T05:31:40Z,trump,coingecko,0.00000405,usd
2026-10-08T05:41:40Z,xrp,coingecko,1.41,usd
2026-10-08T05:41:50Z,btc,coingecko,82895,usd
2026-10-08T05:41:40Z,doge,coingecko,0.087628,usd
2026-10-08T05:41:50Z,marscoin,coingecko,0.074234,usd
2026-10-08T05:41:50Z,mcat,coingecko,0.51685,usd
2026-10-08T05:41:50Z,ai2,coingecko,0.110289,usd
2026-10-08T05:41:50Z,trump,coingecko,0.00000405,usd
2026-10-08T05:52:00Z,xrp,coingecko,1.4,usd
2026-10-08T05:51:50Z,btc,coingecko,82781,usd
2026-10-08T05:51:30Z,doge,coingecko,0.087247,usd
2026-10-08T05:52:00Z,marscoin,coingecko,0.074142,usd
2026-10-08T05:52:00Z,mcat,coingecko,0.517785,usd
2026-10-08T05:52:00Z,ai2,coingecko,0.110225,usd
2026-10-08T05:51:30Z,trump,coingecko,0.00000403,usd
2026-10-08T06:01:50Z,xrp,coingecko,1.4,usd
2026-10-08T06:01:40Z,btc,coingecko,82636,usd
2026-10-08T06:01:50Z,doge,coingecko,0.087106,usd
2026-10-08T06:01:50Z,marscoin,coingecko,0.074147,usd
2026-10-08T06:01:50Z,mcat,coingecko,0.525021,usd
2026-10-08T06:01:50Z,ai2,coingecko,0.110203,usd
2026-10-08T06:01:20Z,trump,coingecko,0.00000401,usd
2026-10-08T06:11:50Z,xrp,coingecko,1.4,usd
2026-10-08T06:12:00Z,btc,coingecko,82869,usd
2026-10-08T06:11:30Z,doge,coingecko,0.087467,usd
2026-10-08T06:12:00Z,marscoin,coingecko,0.074147,usd
2026-10-08T06:12:00Z,mcat,coingecko,0.524881,usd
2026-10-08T06:12:00Z,ai2,coingecko,0.110259,usd
2026-10-08T06:11:50Z,trump,coingecko,0.00000403,usd
2026-10-08T06:21:50Z,xrp,coingecko,1.4,usd
2026-10-08T06:21:50Z,btc,coingecko,82785,usd
2026-10-08T06:21:50Z,doge,coingecko,0.087373,usd
2026-10-08T06:21:50Z,marscoin,coingecko,0.074128,usd
2026-10-08T06:21:50Z,mcat,coingecko,0.520438,usd
2026-10-08T06:21:50Z,ai2,coingecko,0.110277,usd
2026-10-08T06:21:40Z,trump,coingecko,0.00000402,usd
2026-10-08T06:31:40Z,xrp,coingecko,1.4,usd
2026-10-08T06:31:50Z,btc,coingecko,82499,usd
2026-10-08T06:31:50Z,doge,coingecko,0.087119,usd
2026-10-08T06:32:00Z,marscoin,coingecko,0.074117,usd
2026-10-08T06:32:00Z,mcat,coingecko,0.520257,usd
2026-10-08T06:32:00Z,ai2,coingecko,0.108917,usd
2026-10-08T06:32:00Z,trump,coingecko,0.000004,usd
2026-10-08T06:41:50Z,xrp,coingecko,1.4,usd
2026-10-08T06:41:40Z,btc,coingecko,82618,usd
2026-10-08T06:41:50Z,doge,coingecko,0.087257,usd
2026-10-08T06:42:00Z,marscoin,coingecko,0.074125,usd
2026-10-08T06:42:00Z,mcat,coingecko,0.521818,usd
2026-10-08T06:42:00Z,ai2,coingecko,0.107429,usd
2026-10-08T06:41:30Z,trump,coingecko,0.00000401,usd
2026-10-08T06:51:40Z,xrp,coingecko,1.4,usd
2026-10-08T06:51:40Z,btc,coingecko,82763,usd
2026-10-08T06:52:00Z,doge,coingecko,0.087539,usd
2026-10-08T06:52:00Z,marscoin,coingecko,0.074121,usd
2026-10-08T06:52:00Z,mcat,coingecko,0.521019,usd
2026-10-08T06:52:00Z,ai2,coingecko,0.106636,usd
2026-10-08T06:51:40Z,trump,coingecko,0.00000403,usd
2026-10-08T07:01:40Z,xrp,coingecko,1.4,usd
2026-10-08T07:01:50Z,btc,coingecko,82761,usd
2026-10-08T07:01:40Z,doge,coingecko,0.087434,usd
2026-10-08T07:02:00Z,marscoin,coingecko,0.074108,usd
2026-10-08T07:02:00Z,mcat,coingecko,0.520946,usd
2026-10-08T07:02:00Z,ai2,coingecko,0.106845,usd
2026-10-08T07:01:40Z,trump,coingecko,0.00000403,usd
2026-10-08T07:11:50Z,xrp,coingecko,1.41,usd
2026-10-08T07:11:40Z,btc,coingecko,82969,usd
2026-10-08T07:11:40Z,doge,coingecko,0.087626,usd
2026-10-08T07:12:00Z,marscoin,coingecko,0.07413,usd
2026-10-08T07:12:00Z,mcat,coingecko,0.520946,usd
2026-10-08T07:12:00Z,ai2,coingecko,0.107079,usd
2026-10-08T07:11:40Z,trump,coingecko,0.00000404,usd
2026-10-08T07:21:40Z,xrp,coingecko,1.41,usd
2026-10-08T07:22:00Z,btc,coingecko,83123,usd
2026-10-08T07:21:40Z,doge,coingecko,0.087862,usd
2026-10-08T07:22:00Z,marscoin,coingecko,0.074109,usd
2026-10-08T07:22:00Z,mcat,coingecko,0.520715,usd
2026-10-08T07:22:00Z,ai2,coingecko,0.107259,usd
2026-10-08T07:21:40Z,trump,coingecko,0.00000406,usd
2026-10-08T07:31:50Z,xrp,coingecko,1.41,usd
2026-10-08T07:31:40Z,btc,coingecko,83085,usd
2026-10-08T07:31:50Z,doge,coingecko,0.08803,usd
2026-10-08T07:31:50Z,marscoin,coingecko,0.074097,usd
2026-10-08T07:31:50Z,mcat,coingecko,0.525042,usd
2026-10-08T07:31:50Z,ai2,coingecko,0.107296,usd
2026-10-08T07:31:40Z,trump,coingecko,0.00000407,usd
2026-10-08T07:41:40Z,xrp,coingecko,1.41,usd
2026-10-08T07:41:40Z,btc,coingecko,83094,usd
2026-10-08T07:41:40Z,doge,coingecko,0.087981,usd
2026-10-08T07:41:50Z,marscoin,coingecko,0.074096,usd
2026-10-08T07:41:50Z,mcat,coingecko,0.520521,usd
2026-10-08T07:41:50Z,ai2,coingecko,0.107389,usd
2026-10-08T07:41:40Z,trump,coingecko,0.00000405,usd
2026-10-08T07:51:50Z,xrp,coingecko,1.41,usd
2026-10-08T07:51:50Z,btc,coingecko,83009,usd
2026-10-08T07:52:00Z,doge,coingecko,0.087834,usd
2026-10-08T07:52:00Z,marscoin,coingecko,0.07409,usd
2026-10-08T07:52:00Z,mcat,coingecko,0.518551,usd
2026-10-08T07:52:00Z,ai2,coingecko,0.107394,usd
2026-10-08T07:51:40Z,trump,coingecko,0.00000404,usd
2026-10-08T07:59:50Z,xrp,coingecko,1.41,usd
2026-10-08T07:59:50Z,btc,coingecko,82952,usd
2026-10-08T07:59:50Z,doge,coingecko,0.08764,usd
2026-10-08T07:59:50Z,marscoin,coingecko,0.07411,usd
2026-10-08T07:59:50Z,mcat,coingecko,0.51889,usd
2026-10-08T07:59:50Z,ai2,coingecko,0.107432,usd
2026-10-08T07:59:50Z,trump,coingecko,0.00000404,usd
2026-10-08T08:09:50Z,xrp,coingecko,1.41,usd
2026-10-08T08:10:00Z,btc,coingecko,82984,usd
2026-10-08T08:09:50Z,doge,coingecko,0.08782,usd
2026-10-08T08:10:00Z,marscoin,coingecko,0.074097,usd
2026-10-08T08:10:00Z,mcat,coingecko,0.518871,usd
2026-10-08T08:10:00Z,ai2,coingecko,0.10782,usd
2026-10-08T08:09:50Z,trump,coingecko,0.00000404,usd
2026-10-08T08:19:50Z,xrp,coingecko,1.41,usd
2026-10-08T08:19:50Z,btc,coingecko,82978,usd
2026-10-08T08:19:50Z,doge,coingecko,0.087922,usd
2026-10-08T08:19:50Z,marscoin,coingecko,0.074108,usd
2026-10-08T08:19:50Z,mcat,coingecko,0.518032,usd
2026-10-08T08:19:50Z,ai2,coingecko,0.107428,usd
2026-10-08T08:19:50Z,trump,coingecko,0.00000405,usd
2026-10-08T08:29:50Z,xrp,coingecko,1.41,usd
2026-10-08T08:29:50Z,btc,coingecko,82936,usd
2026-10-08T08:29:50Z,doge,coingecko,0.08779,usd
2026-10-08T08:29:50Z,marscoin,coingecko,0.074107,usd
2026-10-08T08:29:50Z,mcat,coingecko,0.520706,usd
2026-10-08T08:29:50Z,ai2,coingecko,0.107623,usd
2026-10-08T08:29:50Z,trump,coingecko,0.00000404,usd
2026-10-08T08:39:50Z,xrp,coingecko,1.41,usd
2026-10-08T08:40:00Z,btc,coingecko,82780,usd
2026-10-08T08:40:00Z,doge,coingecko,0.087701,usd
2026-10-08T08:40:10Z,marscoin,coingecko,0.074111,usd
2026-10-08T08:40:10Z,mcat,coingecko,0.51978,usd
2026-10-08T08:40:10Z,ai2,coingecko,0.107293,usd
2026-10-08T08:40:10Z,trump,coingecko,0.00000403,usd
2026-10-08T08:49:50Z,xrp,coingecko,1.41,usd
2026-10-08T08:49:50Z,btc,coingecko,82849,usd
2026-10-08T08:49:50Z,doge,coingecko,0.087775,usd
2026-10-08T08:49:50Z,marscoin,coingecko,0.074122,usd
2026-10-08T08:49:50Z,mcat,coingecko,0.509004,usd
2026-10-08T08:49:50Z,ai2,coingecko,0.107361,usd
2026-10-08T08:49:50Z,trump,coingecko,0.00000404,usd
2026-10-08T08:59:20Z,xrp,coingecko,1.41,usd
2026-10-08T08:59:20Z,btc,coingecko,82800,usd
2026-10-08T08:59:30Z,doge,coingecko,0.087702,usd
2026-10-08T08:59:30Z,marscoin,coingecko,0.074182,usd
2026-10-08T08:59:30Z,mcat,coingecko,0.505266,usd
2026-10-08T08:59:20Z,ai2,coingecko,0.107438,usd
2026-10-08T08:59:30Z,trump,coingecko,0.00000403,usd
2026-10-08T09:08:30Z,xrp,coingecko,1.41,usd
2026-10-08T09:08:40Z,btc,coingecko,82980,usd
2026-10-08T09:09:20Z,doge,coingecko,0.087941,usd
2026-10-08T09:09:20Z,marscoin,coingecko,0.074177,usd
2026-10-08T09:09:20Z,mcat,coingecko,0.503002,usd
2026-10-08T09:09:20Z,ai2,coingecko,0.107298,usd
2026-10-08T09:09:20Z,trump,coingecko,0.00000404,usd
2026-10-08T09:18:50Z,xrp,coingecko,1.41,usd
2026-10-08T09:18:50Z,btc,coingecko,82901,usd
2026-10-08T09:18:50Z,doge,coingecko,0.087822,usd
2026-10-08T09:18:50Z,marscoin,coingecko,0.074178,usd
2026-10-08T09:18:50Z,mcat,coingecko,0.50418,usd
2026-10-08T09:18:50Z,ai2,coingecko,0.107651,usd
2026-10-08T09:18:50Z,trump,coingecko,0.00000404,usd
2026-10-08T09:28:30Z,xrp,coingecko,1.41,usd
2026-10-08T09:28:20Z,btc,coingecko,82982,usd
2026-10-08T09:28:20Z,doge,coingecko,0.087986,usd
2026-10-08T09:28:30Z,marscoin,coingecko,0.074177,usd
2026-10-08T09:28:30Z,mcat,coingecko,0.516465,usd
2026-10-08T09:28:30Z,ai2,coingecko,0.107311,usd
2026-10-08T09:28:20Z,trump,coingecko,0.00000405,usd
2026-10-08T09:40:59Z,xrp,coingecko,1.42,usd
2026-10-08T09:40:59Z,btc,coingecko,83094,usd
2026-10-08T09:40:59Z,doge,coingecko,0.08828,usd
2026-10-08T09:41:21Z,marscoin,coingecko,0.074195,usd
2026-10-08T09:41:21Z,mcat,coingecko,0.510518,usd
2026-10-08T09:41:21Z,ai2,coingecko,0.107331,usd
2026-10-08T09:41:21Z,trump,coingecko,0.00000406,usd
2026-10-08T09:51:14Z,xrp,coingecko,1.42,usd
2026-10-08T09:51:09Z,btc,coingecko,83047,usd
2026-10-08T09:51:14Z,doge,coingecko,0.088231,usd
2026-10-08T09:51:24Z,marscoin,coingecko,0.074198,usd
2026-10-08T09:51:24Z,mcat,coingecko,0.517698,usd
2026-10-08T09:51:24Z,ai2,coingecko,0.107203,usd
2026-10-08T09:51:14Z,trump,coingecko,0.00000407,usd
2026-10-08T10:00:47Z,xrp,coingecko,1.42,usd
2026-10-08T10:01:24Z,btc,coingecko,83064,usd
2026-10-08T10:01:20Z,doge,coingecko,0.088316,usd
2026-10-08T10:01:24Z,marscoin,coingecko,0.07421,usd
2026-10-08T10:01:24Z,mcat,coingecko,0.517488,usd
2026-10-08T10:01:08Z,ai2,coingecko,0.107612,usd
2026-10-08T10:01:24Z,trump,coingecko,0.00000406,usd
2026-10-08T10:11:01Z,xrp,coingecko,1.41,usd
2026-10-08T10:11:24Z,btc,coingecko,82989,usd
2026-10-08T10:11:11Z,doge,coingecko,0.088201,usd
2026-10-08T10:11:24Z,marscoin,coingecko,0.074223,usd
2026-10-08T10:11:24Z,mcat,coingecko,0.519283,usd
2026-10-08T10:11:24Z,ai2,coingecko,0.10788,usd
2026-10-08T10:11:01Z,trump,coingecko,0.00000406,usd
2026-10-08T10:21:18Z,xrp,coingecko,1.41,usd
2026-10-08T10:21:18Z,btc,coingecko,82916,usd
2026-10-08T10:21:16Z,doge,coingecko,0.088171,usd
2026-10-08T10:21:18Z,marscoin,coingecko,0.074187,usd
2026-10-08T10:21:18Z,mcat,coingecko,0.51915,usd
2026-10-08T10:21:18Z,ai2,coingecko,0.106691,usd
2026-10-08T10:21:18Z,trump,coingecko,0.00000406,usd
2026-10-08T10:31:09Z,xrp,coingecko,1.41,usd
2026-10-08T10:31:05Z,btc,coingecko,82730,usd
2026-10-08T10:31:09Z,doge,coingecko,0.087916,usd
2026-10-08T10:31:30Z,marscoin,coingecko,0.074175,usd
2026-10-08T10:31:30Z,mcat,coingecko,0.520514,usd
2026-10-08T10:31:30Z,ai2,coingecko,0.105753,usd
2026-10-08T10:31:30Z,trump,coingecko,0.00000406,usd
2026-10-08T10:40:59Z,xrp,coingecko,1.4,usd
2026-10-08T10:41:14Z,btc,coingecko,82633,usd
2026-10-08T10:41:14Z,doge,coingecko,0.087699,usd
2026-10-08T10:41:26Z,marscoin,coingecko,0.074176,usd
2026-10-08T10:41:26Z,mcat,coingecko,0.521892,usd
2026-10-08T10:41:26Z,ai2,coingecko,0.105648,usd
2026-10-08T10:40:59Z,trump,coingecko,0.00000404,usd
2026-10-08T10:51:04Z,xrp,coingecko,1.4,usd
2026-10-08T10:51:04Z,btc,coingecko,82604,usd
2026-10-08T10:51:04Z,doge,coingecko,0.087299,usd
2026-10-08T10:51:04Z,marscoin,coingecko,0.074178,usd
2026-10-08T10:51:04Z,mcat,coingecko,0.522781,usd
2026-10-08T10:51:04Z,ai2,coingecko,0.105385,usd
2026-10-08T10:51:04Z,trump,coingecko,0.00000403,usd
2026-10-08T11:01:20Z,xrp,coingecko,1.4,usd
2026-10-08T11:00:42Z,btc,coingecko,82694,usd
2026-10-08T11:01:20Z,doge,coingecko,0.087302,usd
2026-10-08T11:01:20Z,marscoin,coingecko,0.074175,usd
2026-10-08T11:01:20Z,mcat,coingecko,0.523636,usd
2026-10-08T11:00:42Z,ai2,coingecko,0.106703,usd
2026-10-08T11:01:20Z,trump,coingecko,0.00000404,usd
2026-10-08T11:10:54Z,xrp,coingecko,1.4,usd
2026-10-08T11:10:54Z,btc,coingecko,82433,usd
2026-10-08T11:10:54Z,doge,coingecko,0.087057,usd
2026-10-08T11:10:54Z,marscoin,coingecko,0.074143,usd
2026-10-08T11:10:54Z,mcat,coingecko,0.524746,usd
2026-10-08T11:10:54Z,ai2,coingecko,0.106719,usd
2026-10-08T11:10:54Z,trump,coingecko,0.00000402,usd
2026-10-08T11:21:05Z,xrp,coingecko,1.4,usd
2026-10-08T11:21:05Z,btc,coingecko,82350,usd
2026-10-08T11:21:05Z,doge,coingecko,0.087104,usd
2026-10-08T11:21:29Z,marscoin,coingecko,0.074137,usd
2026-10-08T11:21:29Z,mcat,coingecko,0.524356,usd
2026-10-08T11:21:29Z,ai2,coingecko,0.105188,usd
2026-10-08T11:21:05Z,trump,coingecko,0.00000403,usd
2026-10-08T11:31:17Z,xrp,coingecko,1.4,usd
2026-10-08T11:30:54Z,btc,coingecko,82498,usd
2026-10-08T11:31:17Z,doge,coingecko,0.087391,usd
2026-10-08T11:31:17Z,marscoin,coingecko,0.074142,usd
2026-10-08T11:30:54Z,mcat,coingecko,0.523713,usd
2026-10-08T11:30:54Z,ai2,coingecko,0.104782,usd
2026-10-08T11:31:17Z,trump,coingecko,0.00000404,usd
2026-10-08T11:41:20Z,xrp,coingecko,1.4,usd
2026-10-08T11:41:20Z,btc,coingecko,82464,usd
2026-10-08T11:41:20Z,doge,coingecko,0.087202,usd
2026-10-08T11:41:20Z,marscoin,coingecko,0.074132,usd
2026-10-08T11:41:20Z,mcat,coingecko,0.524358,usd
2026-10-08T11:41:20Z,ai2,coingecko,0.107366,usd
2026-10-08T11:41:20Z,trump,coingecko,0.00000402,usd
2026-10-08T11:51:20Z,xrp,coingecko,1.4,usd
2026-10-08T11:51:20Z,btc,coingecko,82525,usd
2026-10-08T11:51:20Z,doge,coingecko,0.087218,usd
2026-10-08T11:51:20Z,marscoin,coingecko,0.074129,usd
2026-10-08T11:51:20Z,mcat,coingecko,0.525241,usd
2026-10-08T11:51:20Z,ai2,coingecko,0.108592,usd
2026-10-08T11:51:20Z,trump,coingecko,0.00000403,usd
2026-10-08T12:01:24Z,xrp,coingecko,1.4,usd
2026-10-08T12:01:05Z,btc,coingecko,82450,usd
2026-10-08T12:01:24Z,doge,coingecko,0.087101,usd
2026-10-08T12:01:24Z,marscoin,coingecko,0.074135,usd
2026-10-08T12:01:24Z,mcat,coingecko,0.524229,usd
2026-10-08T12:01:05Z,ai2,coingecko,0.108468,usd
2026-10-08T12:01:24Z,trump,coingecko,0.00000403,usd
2026-10-08T12:11:08Z,xrp,coingecko,1.39,usd
2026-10-08T12:11:08Z,btc,coingecko,82365,usd
2026-10-08T12:11:08Z,doge,coingecko,0.087034,usd
2026-10-08T12:11:30Z,marscoin,coingecko,0.07412,usd
2026-10-08T12:11:30Z,mcat,coingecko,0.525339,usd
2026-10-08T12:11:30Z,ai2,coingecko,0.108302,usd
2026-10-08T12:11:30Z,trump,coingecko,0.00000402,usd
2026-10-08T12:21:14Z,xrp,coingecko,1.39,usd
2026-10-08T12:21:14Z,btc,coingecko,82368,usd
2026-10-08T12:21:19Z,doge,coingecko,0.087007,usd
2026-10-08T12:21:31Z,marscoin,coingecko,0.074116,usd
2026-10-08T12:21:31Z,mcat,coingecko,0.524481,usd
2026-10-08T12:21:31Z,ai2,coingecko,0.11025,usd
2026-10-08T12:21:31Z,trump,coingecko,0.00000402,usd
2026-10-08T12:31:02Z,xrp,coingecko,1.39,usd
2026-10-08T12:31:02Z,btc,coingecko,82408,usd
2026-10-08T12:31:02Z,doge,coingecko,0.086943,usd
2026-10-08T12:31:22Z,marscoin,coingecko,0.074122,usd
2026-10-08T12:31:22Z,mcat,coingecko,0.52497,usd
2026-10-08T12:31:22Z,ai2,coingecko,0.110731,usd
2026-10-08T12:31:02Z,trump,coingecko,0.00000401,usd
2026-10-08T12:41:23Z,xrp,coingecko,1.39,usd
2026-10-08T12:41:23Z,btc,coingecko,82315,usd
2026-10-08T12:41:23Z,doge,coingecko,0.086796,usd
2026-10-08T12:41:23Z,marscoin,coingecko,0.074109,usd
2026-10-08T12:41:23Z,mcat,coingecko,0.524937,usd
2026-10-08T12:41:23Z,ai2,coingecko,0.111009,usd
2026-10-08T12:41:23Z,trump,coingecko,0.00000401,usd
2026-10-08T12:51:24Z,xrp,coingecko,1.39,usd
2026-10-08T12:51:19Z,btc,coingecko,82138,usd
2026-10-08T12:51:24Z,doge,coingecko,0.08659,usd
2026-10-08T12:51:24Z,marscoin,coingecko,0.07405,usd
2026-10-08T12:51:24Z,mcat,coingecko,0.522991,usd
2026-10-08T12:51:24Z,ai2,coingecko,0.110714,usd
2026-10-08T12:51:24Z,trump,coingecko,0.00000399,usd
2026-10-08T13:01:21Z,xrp,coingecko,1.4,usd
2026-10-08T13:00:55Z,btc,coingecko,82262,usd
2026-10-08T13:00:55Z,doge,coingecko,0.086871,usd
2026-10-08T13:01:21Z,marscoin,coingecko,0.074046,usd
2026-10-08T13:01:21Z,mcat,coingecko,0.521389,usd
2026-10-08T13:00:55Z,ai2,coingecko,0.109947,usd
2026-10-08T13:01:21Z,trump,coingecko,0.000004,usd
2026-10-08T13:11:20Z,xrp,coingecko,1.4,usd
2026-10-08T13:11:10Z,btc,coingecko,82350,usd
2026-10-08T13:11:20Z,doge,coingecko,0.086606,usd
2026-10-08T13:11:20Z,marscoin,coingecko,0.074041,usd
2026-10-08T13:11:20Z,mcat,coingecko,0.520717,usd
2026-10-08T13:11:20Z,ai2,coingecko,0.109894,usd
2026-10-08T13:11:20Z,trump,coingecko,0.00000399,usd
2026-10-08T13:21:20Z,xrp,coingecko,1.4,usd
2026-10-08T13:20:56Z,btc,coingecko,82534,usd
2026-10-08T13:21:20Z,doge,coingecko,0.087019,usd
2026-10-08T13:21:20Z,marscoin,coingecko,0.074061,usd
2026-10-08T13:21:20Z,mcat,coingecko,0.520108,usd
2026-10-08T13:21:20Z,ai2,coingecko,0.109927,usd
2026-10-08T13:21:20Z,trump,coingecko,0.00000401,usd
2026-10-08T13:29:48Z,xrp,coingecko,1.4,usd
2026-10-08T13:29:29Z,btc,coingecko,82377,usd
2026-10-08T13:29:48Z,doge,coingecko,0.086896,usd
2026-10-08T13:29:48Z,marscoin,coingecko,0.074061,usd
2026-10-08T13:29:48Z,mcat,coingecko,0.520215,usd
2026-10-08T13:29:48Z,ai2,coingecko,0.109284,usd
2026-10-08T13:29:48Z,trump,coingecko,0.000004,usd
2026-10-08T13:39:31Z,xrp,coingecko,1.4,usd
2026-10-08T13:39:31Z,btc,coingecko,82094,usd
2026-10-08T13:39:31Z,doge,coingecko,0.08664,usd
2026-10-08T13:39:50Z,marscoin,coingecko,0.074049,usd
2026-10-08T13:39:50Z,mcat,coingecko,0.51986,usd
2026-10-08T13:39:50Z,ai2,coingecko,0.109255,usd
2026-10-08T13:39:50Z,trump,coingecko,0.000004,usd
2026-10-08T13:49:44Z,xrp,coingecko,1.39,usd
2026-10-08T13:49:44Z,btc,coingecko,81895,usd
2026-10-08T13:49:32Z,doge,coingecko,0.086511,usd
2026-10-08T13:49:44Z,marscoin,coingecko,0.074039,usd
2026-10-08T13:49:44Z,mcat,coingecko,0.519213,usd
2026-10-08T13:49:44Z,ai2,coingecko,0.108943,usd
2026-10-08T13:49:32Z,trump,coingecko,0.00000398,usd
2026-10-08T13:59:38Z,xrp,coingecko,1.4,usd
2026-10-08T13:59:49Z,btc,coingecko,82045,usd
2026-10-08T13:59:38Z,doge,coingecko,0.086858,usd
2026-10-08T13:59:49Z,marscoin,coingecko,0.074038,usd
2026-10-08T13:59:49Z,mcat,coingecko,0.520567,usd
2026-10-08T13:59:49Z,ai2,coingecko,0.109172,usd
2026-10-08T13:59:38Z,trump,coingecko,0.00000401,usd
2026-10-08T14:09:49Z,xrp,coingecko,1.4,usd
2026-10-08T14:09:36Z,btc,coingecko,82331,usd
2026-10-08T14:09:36Z,doge,coingecko,0.087127,usd
2026-10-08T14:09:49Z,marscoin,coingecko,0.074057,usd
2026-10-08T14:09:49Z,mcat,coingecko,0.51915,usd
2026-10-08T14:09:49Z,ai2,coingecko,0.109499,usd
2026-10-08T14:09:49Z,trump,coingecko,0.00000402,usd
2026-10-08T14:19:46Z,xrp,coingecko,1.4,usd
2026-10-08T14:19:46Z,btc,coingecko,82465,usd
2026-10-08T14:19:40Z,doge,coingecko,0.087269,usd
2026-10-08T14:19:46Z,marscoin,coingecko,0.074049,usd
2026-10-08T14:19:46Z,mcat,coingecko,0.52072,usd
2026-10-08T14:19:46Z,ai2,coingecko,0.108143,usd
2026-10-08T14:19:46Z,trump,coingecko,0.00000402,usd
2026-10-08T14:29:55Z,xrp,coingecko,1.4,usd
2026-10-08T14:29:45Z,btc,coingecko,82554,usd
2026-10-08T14:29:32Z,doge,coingecko,0.087211,usd
2026-10-08T14:29:55Z,marscoin,coingecko,0.074033,usd
2026-10-08T14:29:32Z,mcat,coingecko,0.521936,usd
2026-10-08T14:29:32Z,ai2,coingecko,0.107804,usd
2026-10-08T14:29:55Z,trump,coingecko,0.00000402,usd
2026-10-08T14:39:43Z,xrp,coingecko,1.4,usd
2026-10-08T14:39:43Z,btc,coingecko,82562,usd
2026-10-08T14:38:15Z,doge,coingecko,0.087222,usd
2026-10-08T14:39:43Z,marscoin,coingecko,0.074044,usd
2026-10-08T14:39:43Z,mcat,coingecko,0.522916,usd
2026-10-08T14:39:43Z,ai2,coingecko,0.10761,usd
2026-10-08T14:38:15Z,trump,coingecko,0.00000403,usd
2026-10-08T14:49:26Z,xrp,coingecko,1.4,usd
2026-10-08T14:49:26Z,btc,coingecko,82544,usd
2026-10-08T14:49:26Z,doge,coingecko,0.087,usd
2026-10-08T14:49:26Z,marscoin,coingecko,0.074036,usd
2026-10-08T14:49:26Z,mcat,coingecko,0.529992,usd
2026-10-08T14:49:26Z,ai2,coingecko,0.106994,usd
2026-10-08T14:49:26Z,trump,coingecko,0.00000401,usd
2026-10-08T14:59:47Z,xrp,coingecko,1.4,usd
2026-10-08T14:58:55Z,btc,coingecko,82614,usd
2026-10-08T14:58:55Z,doge,coingecko,0.087024,usd
2026-10-08T14:59:47Z,marscoin,coingecko,0.074054,usd
2026-10-08T14:59:47Z,mcat,coingecko,0.535866,usd
2026-10-08T14:59:47Z,ai2,coingecko,0.106777,usd
2026-10-08T14:59:47Z,trump,coingecko,0.00000402,usd
2026-10-08T15:09:29Z,xrp,coingecko,1.39,usd
2026-10-08T15:09:29Z,btc,coingecko,82386,usd
2026-10-08T15:09:29Z,doge,coingecko,0.086545,usd
2026-10-08T15:09:29Z,marscoin,coingecko,0.074045,usd
2026-10-08T15:09:29Z,mcat,coingecko,0.535916,usd
2026-10-08T15:09:29Z,ai2,coingecko,0.104992,usd
2026-10-08T15:09:29Z,trump,coingecko,0.00000399,usd
2026-10-08T15:19:27Z,xrp,coingecko,1.38,usd
2026-10-08T15:19:27Z,btc,coingecko,82061,usd
2026-10-08T15:19:27Z,doge,coingecko,0.085714,usd
2026-10-08T15:19:27Z,marscoin,coingecko,0.074034,usd
2026-10-08T15:19:27Z,mcat,coingecko,0.53618,usd
2026-10-08T15:19:27Z,ai2,coingecko,0.103726,usd
2026-10-08T15:19:27Z,trump,coingecko,0.00000394,usd
2026-10-08T15:29:13Z,xrp,coingecko,1.36,usd
2026-10-08T15:29:13Z,btc,coingecko,81436,usd
2026-10-08T15:29:13Z,doge,coingecko,0.083773,usd
2026-10-08T15:29:13Z,marscoin,coingecko,0.073969,usd
2026-10-08T15:29:13Z,mcat,coingecko,0.536445,usd
2026-10-08T15:29:13Z,ai2,coingecko,0.101412,usd
2026-10-08T15:29:13Z,trump,coingecko,0.00000379,usd
2026-10-08T15:38:58Z,xrp,coingecko,1.35,usd
2026-10-08T15:38:58Z,btc,coingecko,81172,usd
2026-10-08T15:38:58Z,doge,coingecko,0.082754,usd
2026-10-08T15:38:58Z,marscoin,coingecko,0.073944,usd
2026-10-08T15:38:58Z,mcat,coingecko,0.53551,usd
2026-10-08T15:38:58Z,ai2,coingecko,0.097669,usd
2026-10-08T15:38:58Z,trump,coingecko,0.00000377,usd
2026-10-08T15:49:35Z,xrp,coingecko,1.35,usd
2026-10-08T15:48:56Z,btc,coingecko,81127,usd
2026-10-08T15:49:35Z,doge,coingecko,0.08331,usd
2026-10-08T15:49:55Z,marscoin,coingecko,0.073941,usd
2026-10-08T15:49:55Z,mcat,coingecko,0.53591,usd
2026-10-08T15:49:55Z,ai2,coingecko,0.098014,usd
2026-10-08T15:48:56Z,trump,coingecko,0.00000379,usd
2026-10-08T15:59:26Z,xrp,coingecko,1.35,usd
2026-10-08T15:59:44Z,btc,coingecko,80992,usd
2026-10-08T15:59:44Z,doge,coingecko,0.082603,usd
2026-10-08T15:59:52Z,marscoin,coingecko,0.073944,usd
2026-10-08T15:59:52Z,mcat,coingecko,0.529927,usd
2026-10-08T15:59:52Z,ai2,coingecko,0.099729,usd
2026-10-08T15:59:26Z,trump,coingecko,0.00000376,usd
2026-10-08T16:09:32Z,xrp,coingecko,1.35,usd
2026-10-08T16:09:32Z,btc,coingecko,80958,usd
2026-10-08T16:09:32Z,doge,coingecko,0.082554,usd
2026-10-08T16:09:32Z,marscoin,coingecko,0.07394,usd
2026-10-08T16:09:32Z,mcat,coingecko,0.527663,usd
2026-10-08T16:09:32Z,ai2,coingecko,0.096587,usd
2026-10-08T16:09:32Z,trump,coingecko,0.00000373,usd
2026-10-08T16:18:58Z,xrp,coingecko,1.35,usd
2026-10-08T16:19:45Z,btc,coingecko,81143,usd
2026-10-08T16:19:45Z,doge,coingecko,0.083087,usd
2026-10-08T16:19:45Z,marscoin,coingecko,0.073942,usd
2026-10-08T16:19:45Z,mcat,coingecko,0.52119,usd
2026-10-08T16:19:45Z,ai2,coingecko,0.095771,usd
2026-10-08T16:18:58Z,trump,coingecko,0.00000376,usd
2026-10-08T16:29:51Z,xrp,coingecko,1.35,usd
2026-10-08T16:29:08Z,btc,coingecko,81343,usd
2026-10-08T16:29:51Z,doge,coingecko,0.083166,usd
2026-10-08T16:29:51Z,marscoin,coingecko,0.073948,usd
2026-10-08T16:29:51Z,mcat,coingecko,0.520114,usd
2026-10-08T16:29:51Z,ai2,coingecko,0.095771,usd
2026-10-08T16:29:51Z,trump,coingecko,0.00000378,usd
2026-10-08T16:39:28Z,xrp,coingecko,1.35,usd
2026-10-08T16:39:28Z,btc,coingecko,81205,usd
2026-10-08T16:39:28Z,doge,coingecko,0.082984,usd
2026-10-08T16:39:28Z,marscoin,coingecko,0.073979,usd
2026-10-08T16:39:28Z,mcat,coingecko,0.518754,usd
2026-10-08T16:39:28Z,ai2,coingecko,0.096628,usd
2026-10-08T16:39:28Z,trump,coingecko,0.00000376,usd
2026-10-08T16:49:32Z,xrp,coingecko,1.35,usd
2026-10-08T16:49:39Z,btc,coingecko,81137,usd
2026-10-08T16:49:39Z,doge,coingecko,0.082801,usd
2026-10-08T16:49:54Z,marscoin,coingecko,0.073965,usd
2026-10-08T16:49:54Z,mcat,coingecko,0.518584,usd
2026-10-08T16:49:54Z,ai2,coingecko,0.093644,usd
2026-10-08T16:49:32Z,trump,coingecko,0.00000375,usd
2026-10-08T16:59:39Z,xrp,coingecko,1.34,usd
2026-10-08T16:59:28Z,btc,coingecko,80872,usd
2026-10-08T16:59:39Z,doge,coingecko,0.082133,usd
2026-10-08T16:59:39Z,marscoin,coingecko,0.073965,usd
2026-10-08T16:59:39Z,mcat,coingecko,0.518824,usd
2026-10-08T16:59:39Z,ai2,coingecko,0.090823,usd
2026-10-08T16:59:39Z,trump,coingecko,0.00000372,usd
2026-10-08T17:09:41Z,xrp,coingecko,1.34,usd
2026-10-08T17:09:41Z,btc,coingecko,80794,usd
2026-10-08T17:09:32Z,doge,coingecko,0.082054,usd
2026-10-08T17:09:41Z,marscoin,coingecko,0.073942,usd
2026-10-08T17:09:41Z,mcat,coingecko,0.51927,usd
2026-10-08T17:09:41Z,ai2,coingecko,0.09199,usd
2026-10-08T17:09:41Z,trump,coingecko,0.00000371,usd
2026-10-08T17:19:47Z,xrp,coingecko,1.34,usd
2026-10-08T17:19:44Z,btc,coingecko,80815,usd
2026-10-08T17:19:47Z,doge,coingecko,0.082099,usd
2026-10-08T17:19:47Z,marscoin,coingecko,0.073942,usd
2026-10-08T17:19:47Z,mcat,coingecko,0.517445,usd
2026-10-08T17:19:47Z,ai2,coingecko,0.086707,usd
2026-10-08T17:19:21Z,trump,coingecko,0.00000371,usd
2026-10-08T17:29:25Z,xrp,coingecko,1.32,usd
2026-10-08T17:29:25Z,btc,coingecko,80508,usd
2026-10-08T17:29:41Z,doge,coingecko,0.081532,usd
2026-10-08T17:29:41Z,marscoin,coingecko,0.073941,usd
2026-10-08T17:29:41Z,mcat,coingecko,0.516351,usd
2026-10-08T17:29:41Z,ai2,coingecko,0.083775,usd
2026-10-08T17:29:41Z,trump,coingecko,0.00000367,usd
2026-10-08T17:39:15Z,xrp,coingecko,1.33,usd
2026-10-08T17:39:15Z,btc,coingecko,80759,usd
2026-10-08T17:39:15Z,doge,coingecko,0.081666,usd
2026-10-08T17:39:54Z,marscoin,coingecko,0.07394,usd
2026-10-08T17:39:54Z,mcat,coingecko,0.517593,usd
2026-10-08T17:39:54Z,ai2,coingecko,0.084638,usd
2026-10-08T17:39:54Z,trump,coingecko,0.00000368,usd
2026-10-08T17:49:15Z,xrp,coingecko,1.33,usd
2026-10-08T17:49:15Z,btc,coingecko,80738,usd
2026-10-08T17:49:15Z,doge,coingecko,0.081693,usd
2026-10-08T17:49:15Z,marscoin,coingecko,0.073941,usd
2026-10-08T17:49:15Z,mcat,coingecko,0.516175,usd
2026-10-08T17:49:15Z,ai2,coingecko,0.086931,usd
2026-10-08T17:49:15Z,trump,coingecko,0.00000368,usd
2026-10-08T17:59:19Z,xrp,coingecko,1.32,usd
2026-10-08T17:59:19Z,btc,coingecko,80600,usd
2026-10-08T17:59:19Z,doge,coingecko,0.081236,usd
2026-10-08T17:59:19Z,marscoin,coingecko,0.073939,usd
2026-10-08T17:59:19Z,mcat,coingecko,0.516158,usd
2026-10-08T17:59:19Z,ai2,coingecko,0.08664,usd
2026-10-08T17:59:19Z,trump,coingecko,0.00000366,usd
2026-10-08T18:09:49Z,xrp,coingecko,1.33,usd
2026-10-08T18:09:17Z,btc,coingecko,80566,usd
2026-10-08T18:09:49Z,doge,coingecko,0.081511,usd
2026-10-08T18:09:49Z,marscoin,coingecko,0.073939,usd
2026-10-08T18:09:49Z,mcat,coingecko,0.514827,usd
2026-10-08T18:09:49Z,ai2,coingecko,0.086663,usd
2026-10-08T18:09:17Z,trump,coingecko,0.00000367,usd
2026-10-08T18:19:20Z,xrp,coingecko,1.33,usd
2026-10-08T18:19:20Z,btc,coingecko,80581,usd
2026-10-08T18:19:46Z,doge,coingecko,0.081983,usd
2026-10-08T18:19:46Z,marscoin,coingecko,0.073945,usd
2026-10-08T18:19:46Z,mcat,coingecko,0.515258,usd
2026-10-08T18:19:46Z,ai2,coingecko,0.086871,usd
2026-10-08T18:19:46Z,trump,coingecko,0.00000371,usd
2026-10-08T18:29:34Z,xrp,coingecko,1.35,usd
2026-10-08T18:29:34Z,btc,coingecko,81361,usd
2026-10-08T18:29:34Z,doge,coingecko,0.082663,usd
2026-10-08T18:29:34Z,marscoin,coingecko,0.073983,usd
2026-10-08T18:29:34Z,mcat,coingecko,0.515515,usd
2026-10-08T18:29:34Z,ai2,coingecko,0.088382,usd
2026-10-08T18:29:34Z,trump,coingecko,0.00000375,usd
2026-10-08T18:39:31Z,xrp,coingecko,1.36,usd
2026-10-08T18:39:31Z,btc,coingecko,81350,usd
2026-10-08T18:39:31Z,doge,coingecko,0.08281,usd
2026-10-08T18:39:31Z,marscoin,coingecko,0.074002,usd
2026-10-08T18:39:31Z,mcat,coingecko,0.51749,usd
2026-10-08T18:39:31Z,ai2,coingecko,0.090691,usd
2026-10-08T18:39:31Z,trump,coingecko,0.00000376,usd
2026-10-08T18:49:17Z,xrp,coingecko,1.36,usd
2026-10-08T18:49:17Z,btc,coingecko,81463,usd
2026-10-08T18:49:17Z,doge,coingecko,0.082928,usd
2026-10-08T18:49:17Z,marscoin,coingecko,0.073995,usd
2026-10-08T18:49:17Z,mcat,coingecko,0.517298,usd
2026-10-08T18:49:17Z,ai2,coingecko,0.090427,usd
2026-10-08T18:49:17Z,trump,coingecko,0.00000376,usd
2026-10-08T18:58:03Z,xrp,coingecko,1.36,usd
2026-10-08T18:57:35Z,btc,coingecko,81439,usd
2026-10-08T18:58:11Z,doge,coingecko,0.082974,usd
2026-10-08T18:58:11Z,marscoin,coingecko,0.073967,usd
2026-10-08T18:58:11Z,mcat,coingecko,0.51725,usd
2026-10-08T18:58:11Z,ai2,coingecko,0.089667,usd
2026-10-08T18:57:57Z,trump,coingecko,0.00000376,usd
2026-10-08T19:07:54Z,xrp,coingecko,1.36,usd
2026-10-08T19:07:54Z,btc,coingecko,81547,usd
2026-10-08T19:07:54Z,doge,coingecko,0.083298,usd
2026-10-08T19:07:54Z,marscoin,coingecko,0.073965,usd
2026-10-08T19:07:54Z,mcat,coingecko,0.517193,usd
2026-10-08T19:07:54Z,ai2,coingecko,0.090055,usd
2026-10-08T19:07:54Z,trump,coingecko,0.00000378,usd
2026-10-08T19:15:59Z,xrp,coingecko,1.36,usd
2026-10-08T19:15:59Z,btc,coingecko,81426,usd
2026-10-08T19:15:59Z,doge,coingecko,0.083208,usd
2026-10-08T19:15:59Z,marscoin,coingecko,0.073952,usd
2026-10-08T19:15:59Z,mcat,coingecko,0.517138,usd
2026-10-08T19:15:59Z,ai2,coingecko,0.08989,usd
2026-10-08T19:15:59Z,trump,coingecko,0.00000376,usd
2026-10-08T19:27:31Z,xrp,coingecko,1.37,usd
2026-10-08T19:27:31Z,btc,coingecko,81529,usd
2026-10-08T19:27:31Z,doge,coingecko,0.083352,usd
2026-10-08T19:27:31Z,marscoin,coingecko,0.073952,usd
2026-10-08T19:27:31Z,mcat,coingecko,0.517112,usd
2026-10-08T19:27:31Z,ai2,coingecko,0.089432,usd
2026-10-08T19:27:31Z,trump,coingecko,0.00000377,usd
2026-10-08T19:37:20Z,xrp,coingecko,1.37,usd
2026-10-08T19:37:20Z,btc,coingecko,81736,usd
2026-10-08T19:37:20Z,doge,coingecko,0.08358,usd
2026-10-08T19:37:20Z,marscoin,coingecko,0.073976,usd
2026-10-08T19:37:20Z,mcat,coingecko,0.515301,usd
2026-10-08T19:37:20Z,ai2,coingecko,0.088067,usd
2026-10-08T19:37:20Z,trump,coingecko,0.00000379,usd
2026-10-08T19:47:54Z,xrp,coingecko,1.37,usd
2026-10-08T19:47:54Z,btc,coingecko,81692,usd
2026-10-08T19:47:54Z,doge,coingecko,0.083742,usd
2026-10-08T19:48:10Z,marscoin,coingecko,0.073962,usd
2026-10-08T19:48:10Z,mcat,coingecko,0.51532,usd
2026-10-08T19:48:10Z,ai2,coingecko,0.089693,usd
2026-10-08T19:48:10Z,trump,coingecko,0.00000379,usd
2026-10-08T19:57:45Z,xrp,coingecko,1.37,usd
2026-10-08T19:57:45Z,btc,coingecko,81740,usd
2026-10-08T19:57:45Z,doge,coingecko,0.083817,usd
2026-10-08T19:57:45Z,marscoin,coingecko,0.073941,usd
2026-10-08T19:57:45Z,mcat,coingecko,0.515415,usd
2026-10-08T19:57:45Z,ai2,coingecko,0.091124,usd
2026-10-08T19:57:45Z,trump,coingecko,0.0000038,usd
2026-10-08T20:06:28Z,xrp,coingecko,1.37,usd
2026-10-08T20:06:28Z,btc,coingecko,81778,usd
2026-10-08T20:06:28Z,doge,coingecko,0.083895,usd
2026-10-08T20:06:28Z,marscoin,coingecko,0.073953,usd
2026-10-08T20:06:28Z,mcat,coingecko,0.51507,usd
2026-10-08T20:06:28Z,ai2,coingecko,0.092266,usd
2026-10-08T20:06:28Z,trump,coingecko,0.00000381,usd
2026-10-08T20:18:07Z,xrp,coingecko,1.38,usd
2026-10-08T20:18:07Z,btc,coingecko,81817,usd
2026-10-08T20:17:12Z,doge,coingecko,0.08403,usd
2026-10-08T20:18:07Z,marscoin,coingecko,0.073961,usd
2026-10-08T20:18:07Z,mcat,coingecko,0.514285,usd
2026-10-08T20:18:07Z,ai2,coingecko,0.092298,usd
2026-10-08T20:18:07Z,trump,coingecko,0.00000383,usd
2026-10-08T20:27:16Z,xrp,coingecko,1.38,usd
2026-10-08T20:27:16Z,btc,coingecko,81697,usd
2026-10-08T20:27:16Z,doge,coingecko,0.084065,usd
2026-10-08T20:27:16Z,marscoin,coingecko,0.073955,usd
2026-10-08T20:27:16Z,mcat,coingecko,0.51414,usd
2026-10-08T20:27:16Z,ai2,coingecko,0.092017,usd
2026-10-08T20:27:16Z,trump,coingecko,0.00000383,usd
2026-10-08T20:36:58Z,xrp,coingecko,1.38,usd
2026-10-08T20:36:58Z,btc,coingecko,81674,usd
2026-10-08T20:36:58Z,doge,coingecko,0.084151,usd
2026-10-08T20:36:58Z,marscoin,coingecko,0.073957,usd
2026-10-08T20:36:58Z,mcat,coingecko,0.51343,usd
2026-10-08T20:36:58Z,ai2,coingecko,0.091745,usd
2026-10-08T20:36:58Z,trump,coingecko,0.00000382,usd
2026-10-08T20:47:49Z,xrp,coingecko,1.38,usd
2026-10-08T20:47:49Z,btc,coingecko,81761,usd
2026-10-08T20:47:49Z,doge,coingecko,0.084297,usd
2026-10-08T20:47:49Z,marscoin,coingecko,0.07394,usd
2026-10-08T20:47:49Z,mcat,coingecko,0.513341,usd
2026-10-08T20:47:49Z,ai2,coingecko,0.092448,usd
2026-10-08T20:47:49Z,trump,coingecko,0.00000383,usd
2026-10-08T20:57:48Z,xrp,coingecko,1.38,usd
2026-10-08T20:57:48Z,btc,coingecko,81734,usd
2026-10-08T20:57:48Z,doge,coingecko,0.084249,usd
2026-10-08T20:58:16Z,marscoin,coingecko,0.073941,usd
2026-10-08T20:58:16Z,mcat,coingecko,0.513372,usd
2026-10-08T20:58:16Z,ai2,coingecko,0.087945,usd
2026-10-08T20:58:16Z,trump,coingecko,0.00000384,usd
2026-10-08T21:06:46Z,xrp,coingecko,1.38,usd
2026-10-08T21:08:03Z,btc,coingecko,81632,usd
2026-10-08T21:06:46Z,doge,coingecko,0.084125,usd
2026-10-08T21:08:03Z,marscoin,coingecko,0.073942,usd
2026-10-08T21:08:03Z,mcat,coingecko,0.513349,usd
2026-10-08T21:08:03Z,ai2,coingecko,0.08784,usd
2026-10-08T21:08:03Z,trump,coingecko,0.00000383,usd
2026-10-08T21:17:08Z,xrp,coingecko,1.38,usd
2026-10-08T21:17:08Z,btc,coingecko,81704,usd
2026-10-08T21:17:08Z,doge,coingecko,0.084211,usd
2026-10-08T21:17:08Z,marscoin,coingecko,0.073945,usd
2026-10-08T21:17:08Z,mcat,coingecko,0.513395,usd
2026-10-08T21:17:08Z,ai2,coingecko,0.088739,usd
2026-10-08T21:17:08Z,trump,coingecko,0.00000384,usd
2026-10-08T21:27:09Z,xrp,coingecko,1.38,usd
2026-10-08T21:27:09Z,btc,coingecko,81703,usd
2026-10-08T21:28:10Z,doge,coingecko,0.0842,usd
2026-10-08T21:28:10Z,marscoin,coingecko,0.073955,usd
2026-10-08T21:28:10Z,mcat,coingecko,0.513369,usd
2026-10-08T21:28:10Z,ai2,coingecko,0.091258,usd
2026-10-08T21:28:10Z,trump,coingecko,0.00000384,usd
